transaction_id,user_id,product_asin,qty,price_per_item,transaction_total,timestamp,fulfillment_channel,payment_type,promotion_applied
TXN-M2001,USER-1404,B08TW5NKRQ,1,94.99,94.99,2023-01-01T04:47:37.445Z,FBM,Discover,LIGHTNING_DEAL
TXN-M2002,USER-1078,B07XQZX9M2,2,14.99,29.98,2023-01-01T12:00:50.271Z,FBA,VISA,LIGHTNING_DEAL
TXN-M2003,USER-1077,B09C5RK5TV,1,74.99,74.99,2023-01-01T16:27:58.370Z,FBM,Discover,COUPON_10
TXN-M2004,USER-1208,B08TW5NKRQ,4,94.99,379.96,2023-01-01T20:44:40.124Z,FBA,MasterCard,PRIME_DISCOUNT
TXN-M2005,USER-1497,B08XYDLC1P,1,99.99,99.99,2023-01-01T23:56:26.452Z,FBA,AmEx,None
TXN-M2006,USER-1307,B09C5RK5TV,1,74.99,74.99,2023-01-02T00:05:38.155Z,Seller,PayPal,COUPON_10
TXN-M2007,USER-1103,B08XYDLC1P,1,99.99,99.99,2023-01-02T02:14:48.106Z,FBA,PayPal,COUPON_10
TXN-M2008,USER-1213,B08GGGM5D9,3,329.99,989.97,2023-01-02T11:15:06.814Z,Seller,Debit,None
TXN-M2009,USER-1149,B08GGGM5D9,1,329.99,329.99,2023-01-02T14:17:59.974Z,FBM,Debit,COUPON_10
TXN-M2010,USER-1341,B08HGH6J8X,1,289.99,289.99,2023-01-02T15:00:36.931Z,Seller,Discover,None
TXN-M2011,USER-1192,B08KY654WZ,1,98,98,2023-01-02T21:43:00.222Z,Seller,VISA,LIGHTNING_DEAL
TXN-M2012,USER-1043,B08P4KCJVN,4,239.99,959.96,2023-01-03T05:30:38.242Z,FBA,PayPal,LIGHTNING_DEAL
TXN-M2013,USER-1175,B08GGGM5D9,1,329.99,329.99,2023-01-03T06:17:29.497Z,FBM,PayPal,None
TXN-M2014,USER-1160,B09NBLQH43,1,24.99,24.99,2023-01-03T11:59:00.424Z,Seller,VISA,COUPON_10
TXN-M2015,USER-1394,B07VGRJDFY,1,45.99,45.99,2023-01-03T13:33:20.067Z,Seller,PayPal,None
TXN-M2016,USER-1236,B09KLDX7M3,1,129.99,129.99,2023-01-03T21:25:50.571Z,FBM,Debit,None
TXN-M2017,USER-1234,B07XJ8C8F5,1,54.99,54.99,2023-01-04T00:47:16.240Z,FBM,AmEx,None
TXN-M2018,USER-1097,B08GGGM5D9,1,318.27,318.27,2023-01-04T07:15:12.819Z,FBM,Discover,PRIME_DISCOUNT
TXN-M2019,USER-1483,B08KY654WZ,1,98,98,2023-01-04T15:02:11.474Z,FBA,VISA,None
TXN-M2020,USER-1489,B09KLDX7M3,1,129.99,129.99,2023-01-04T18:51:38.093Z,Seller,Debit,HOLIDAY_SALE
TXN-M2021,USER-1055,B08HGH6J8X,2,289.99,579.98,2023-01-04T21:19:12.397Z,Seller,VISA,None
TXN-M2022,USER-1330,B08GGGM5D9,3,329.99,989.97,2023-01-05T04:25:30.899Z,FBA,Debit,None
TXN-M2023,USER-1086,B07VGRJDFY,2,40.64,81.28,2023-01-05T05:04:53.926Z,FBA,MasterCard,HOLIDAY_SALE
TXN-M2024,USER-1406,B09C5RK5TV,1,74.99,74.99,2023-01-05T08:09:55.668Z,FBA,Discover,None
TXN-M2025,USER-1229,B07XJ8C8F5,2,54.99,109.98,2023-01-05T13:43:20.350Z,FBA,Discover,PRIME_DISCOUNT
TXN-M2026,USER-1152,B08XYDLC1P,1,99.99,99.99,2023-01-05T21:52:56.788Z,Seller,MasterCard,COUPON_10
TXN-M2027,USER-1206,B09NBLQH43,1,24.99,24.99,2023-01-06T03:40:30.916Z,FBA,Discover,None
TXN-M2028,USER-1047,B08J5F3J18,1,9.99,9.99,2023-01-06T03:48:21.508Z,FBM,MasterCard,None
TXN-M2029,USER-1317,B07ZPML163,1,69.99,69.99,2023-01-06T10:46:33.243Z,Seller,PayPal,LIGHTNING_DEAL
TXN-M2030,USER-1338,B09NBLQH43,1,24.99,24.99,2023-01-06T19:50:41.018Z,FBA,PayPal,COUPON_10
TXN-M2031,USER-1494,B07VGRJDFY,3,45.99,137.97,2023-01-06T20:38:46.304Z,FBM,MasterCard,None
TXN-M2032,USER-1275,B09KLDX7M3,3,129.99,389.97,2023-01-07T06:13:26.132Z,Seller,AmEx,PRIME_DISCOUNT
TXN-M2033,USER-1217,B09CDTHXNL,1,119.99,119.99,2023-01-07T11:56:11.361Z,Seller,PayPal,HOLIDAY_SALE
TXN-M2034,USER-1310,B09C5RK5TV,2,74.99,149.98,2023-01-07T18:03:56.185Z,FBA,Debit,PRIME_DISCOUNT
TXN-M2035,USER-1219,B08N5WRWNW,3,139.99,419.97,2023-01-07T19:29:52.546Z,FBM,MasterCard,COUPON_10
TXN-M2036,USER-1199,B07ZPML163,1,69.99,69.99,2023-01-07T23:31:27.374Z,FBM,Discover,None
TXN-M2037,USER-1385,B07YNK87DD,4,39.99,159.96,2023-01-08T02:55:49.886Z,Seller,Discover,LIGHTNING_DEAL
TXN-M2038,USER-1373,B09PQXDM7V,1,16.99,16.99,2023-01-08T06:51:39.659Z,FBA,PayPal,COUPON_10
TXN-M2039,USER-1243,B07XJ8C8F5,1,54.99,54.99,2023-01-08T10:09:18.618Z,FBM,MasterCard,HOLIDAY_SALE
TXN-M2040,USER-1249,B09CDTHXNL,4,119.99,479.96,2023-01-08T16:10:40.631Z,FBA,MasterCard,None
TXN-M2041,USER-1449,B07XJ8C8F5,1,54.99,54.99,2023-01-09T00:22:17.025Z,Seller,AmEx,PRIME_DISCOUNT
TXN-M2042,USER-1007,B09CDTHXNL,1,119.99,119.99,2023-01-09T04:51:12.564Z,FBA,Discover,PRIME_DISCOUNT
TXN-M2043,USER-1351,B09PQXDM7V,2,16.99,33.98,2023-01-09T13:04:13.673Z,FBA,PayPal,None
TXN-M2044,USER-1169,B09C5RK5TV,1,74.99,74.99,2023-01-09T19:25:49.592Z,FBM,Discover,None
TXN-M2045,USER-1398,B09PQXDM7V,1,16.99,16.99,2023-01-10T03:51:24.555Z,FBA,Debit,HOLIDAY_SALE
TXN-M2046,USER-1228,B07XQZX9M2,1,14.99,14.99,2023-01-10T07:50:11.772Z,FBA,Discover,LIGHTNING_DEAL
TXN-M2047,USER-1337,B08HGH6J8X,1,289.99,289.99,2023-01-10T15:34:45.094Z,FBM,VISA,None
TXN-M2048,USER-1048,B08HGH6J8X,1,262.85,262.85,2023-01-10T22:17:43.842Z,Seller,Discover,None
TXN-M2049,USER-1004,B08KY654WZ,1,88.92,88.92,2023-01-11T02:39:24.034Z,FBM,Debit,COUPON_10
TXN-M2050,USER-1042,B09KLDX7M3,1,129.99,129.99,2023-01-11T05:33:57.337Z,FBM,VISA,None
TXN-M2051,USER-1278,B09PQXDM7V,1,16.99,16.99,2023-01-11T10:56:29.658Z,FBA,VISA,HOLIDAY_SALE
TXN-M2052,USER-1449,B07T8JNXRP,1,24.99,24.99,2023-01-11T19:23:14.988Z,Seller,VISA,None
TXN-M2053,USER-1487,B08GGGM5D9,1,329.99,329.99,2023-01-11T23:08:45.524Z,Seller,AmEx,None
TXN-M2054,USER-1380,B09NBLQH43,1,24.99,24.99,2023-01-12T02:50:04.732Z,Seller,PayPal,None
TXN-M2055,USER-1217,B07ZPKN6YR,1,84.99,84.99,2023-01-12T04:50:43.707Z,FBM,MasterCard,LIGHTNING_DEAL
TXN-M2056,USER-1029,B08XYDLC1P,1,99.99,99.99,2023-01-12T11:34:24.975Z,FBM,VISA,COUPON_10
TXN-M2057,USER-1493,B07ZPML163,1,69.99,69.99,2023-01-12T18:23:12.241Z,FBA,MasterCard,COUPON_10
TXN-M2058,USER-1181,B08KY654WZ,1,98,98,2023-01-12T19:48:21.135Z,Seller,MasterCard,LIGHTNING_DEAL
TXN-M2059,USER-1098,B08HGH6J8X,1,239.16,239.16,2023-01-12T21:40:04.673Z,Seller,AmEx,PRIME_DISCOUNT
TXN-M2060,USER-1114,B09CDTHXNL,4,119.99,479.96,2023-01-12T23:15:55.857Z,FBA,Discover,COUPON_10
TXN-M2061,USER-1181,B09C5RK5TV,1,74.99,74.99,2023-01-13T06:43:45.786Z,FBA,AmEx,HOLIDAY_SALE
TXN-M2062,USER-1372,B07T8JNXRP,1,24.99,24.99,2023-01-13T07:42:50.075Z,FBA,Discover,COUPON_10
TXN-M2063,USER-1412,B08J5F3J18,1,9.99,9.99,2023-01-13T12:51:38.164Z,FBA,Discover,LIGHTNING_DEAL
TXN-M2064,USER-1417,B09PQXDM7V,1,16.99,16.99,2023-01-13T19:13:07.853Z,FBA,PayPal,HOLIDAY_SALE
TXN-M2065,USER-1456,B08XYDLC1P,1,99.99,99.99,2023-01-13T19:50:19.418Z,FBA,Discover,PRIME_DISCOUNT
TXN-M2066,USER-1336,B08KY654WZ,1,98,98,2023-01-14T03:44:24.984Z,Seller,MasterCard,LIGHTNING_DEAL
TXN-M2067,USER-1296,B07ZPKN6YR,1,84.99,84.99,2023-01-14T04:37:04.439Z,FBA,PayPal,None
TXN-M2068,USER-1184,B08GGGM5D9,1,329.99,329.99,2023-01-14T07:35:11.194Z,FBM,AmEx,None
TXN-M2069,USER-1172,B08HGH6J8X,1,289.99,289.99,2023-01-14T13:08:11.966Z,FBM,PayPal,None
TXN-M2070,USER-1358,B09KLDX7M3,1,129.99,129.99,2023-01-14T14:17:29.976Z,Seller,Debit,None
TXN-M2071,USER-1156,B07XQZX9M2,1,14.99,14.99,2023-01-14T22:49:27.140Z,Seller,PayPal,LIGHTNING_DEAL
TXN-M2072,USER-1326,B08TW5NKRQ,4,94.99,379.96,2023-01-14T23:36:13.772Z,FBM,AmEx,None
TXN-M2073,USER-1415,B08KY654WZ,3,98,294,2023-01-15T04:09:29.966Z,Seller,PayPal,HOLIDAY_SALE
TXN-M2074,USER-1325,B08HGH6J8X,4,289.99,1159.96,2023-01-15T12:36:18.086Z,Seller,VISA,HOLIDAY_SALE
TXN-M2075,USER-1437,B07XQZX9M2,1,14.99,14.99,2023-01-15T17:59:43.596Z,FBM,Discover,COUPON_10
TXN-M2076,USER-1193,B09CDTHXNL,1,119.99,119.99,2023-01-15T23:00:49.039Z,FBM,Debit,HOLIDAY_SALE
TXN-M2077,USER-1252,B07VGRJDFY,1,45.99,45.99,2023-01-16T06:52:14.896Z,FBM,Discover,None
TXN-M2078,USER-1364,B07XJ8C8F5,1,54.99,54.99,2023-01-16T08:38:21.039Z,FBM,Debit,PRIME_DISCOUNT
TXN-M2079,USER-1004,B08P4KCJVN,4,239.99,959.96,2023-01-16T11:04:50.046Z,Seller,Discover,PRIME_DISCOUNT
TXN-M2080,USER-1009,B08HGH6J8X,1,289.99,289.99,2023-01-16T15:37:43.454Z,FBA,AmEx,None
TXN-M2081,USER-1130,B07VGRJDFY,1,45.99,45.99,2023-01-16T18:42:08.754Z,FBM,Discover,HOLIDAY_SALE
TXN-M2082,USER-1217,B08TW5NKRQ,1,94.99,94.99,2023-01-17T03:16:34.373Z,Seller,Debit,COUPON_10
TXN-M2083,USER-1395,B08N5WRWNW,1,139.99,139.99,2023-01-17T06:42:54.526Z,Seller,Discover,COUPON_10
TXN-M2084,USER-1173,B07YNK87DD,3,39.99,119.97,2023-01-17T07:28:18.137Z,Seller,Discover,None
TXN-M2085,USER-1004,B08XYDLC1P,1,99.99,99.99,2023-01-17T07:42:43.296Z,FBA,Debit,COUPON_10
TXN-M2086,USER-1305,B07ZPML163,2,69.99,139.98,2023-01-17T13:38:22.913Z,Seller,PayPal,None
TXN-M2087,USER-1210,B08GGGM5D9,3,284.81,854.44,2023-01-17T22:27:30.783Z,Seller,VISA,PRIME_DISCOUNT
TXN-M2088,USER-1131,B09NBLQH43,2,24.99,49.98,2023-01-18T04:13:54.990Z,FBM,Debit,PRIME_DISCOUNT
TXN-M2089,USER-1077,B08KY654WZ,1,98,98,2023-01-18T07:27:12.324Z,Seller,PayPal,COUPON_10
TXN-M2090,USER-1126,B09PQXDM7V,1,16.99,16.99,2023-01-18T16:26:46.633Z,FBA,Discover,None
TXN-M2091,USER-1049,B07T8JNXRP,1,23.06,23.06,2023-01-19T00:26:27.604Z,FBA,PayPal,None
TXN-M2092,USER-1406,B07XJ8C8F5,1,54.99,54.99,2023-01-19T06:11:41.122Z,FBM,Debit,PRIME_DISCOUNT
TXN-M2093,USER-1112,B09PQXDM7V,1,16.99,16.99,2023-01-19T13:42:19.101Z,FBA,VISA,None
TXN-M2094,USER-1450,B09PQXDM7V,1,16.99,16.99,2023-01-19T18:04:31.902Z,FBA,PayPal,PRIME_DISCOUNT
TXN-M2095,USER-1076,B09KLDX7M3,1,129.99,129.99,2023-01-19T18:50:01.793Z,FBM,Discover,COUPON_10
TXN-M2096,USER-1315,B08HGH6J8X,1,289.99,289.99,2023-01-20T00:03:35.925Z,FBM,Debit,None
TXN-M2097,USER-1043,B07YNK87DD,1,39.99,39.99,2023-01-20T07:36:33.893Z,FBM,MasterCard,PRIME_DISCOUNT
TXN-M2098,USER-1147,B09PQXDM7V,3,16.99,50.97,2023-01-20T08:52:42.417Z,FBM,Discover,LIGHTNING_DEAL
TXN-M2099,USER-1167,B08GGGM5D9,4,329.99,1319.96,2023-01-20T16:22:31.454Z,FBA,Discover,COUPON_10
TXN-M2100,USER-1274,B08P4KCJVN,1,239.99,239.99,2023-01-20T16:50:22.619Z,FBA,Discover,PRIME_DISCOUNT
TXN-M2101,USER-1249,B07VGRJDFY,1,45.99,45.99,2023-01-20T20:43:01.462Z,FBA,PayPal,None
TXN-M2102,USER-1245,B07ZPKN6YR,1,81.11,81.11,2023-01-21T02:27:35.144Z,Seller,AmEx,LIGHTNING_DEAL
TXN-M2103,USER-1259,B08HGH6J8X,4,256.63,1026.5,2023-01-21T07:16:17.683Z,Seller,Discover,LIGHTNING_DEAL
TXN-M2104,USER-1111,B07XJ8C8F5,3,48.14,144.42,2023-01-21T08:02:45.788Z,Seller,Debit,None
TXN-M2105,USER-1140,B09CDTHXNL,1,119.99,119.99,2023-01-21T15:26:53.613Z,Seller,Debit,None
TXN-M2106,USER-1259,B08P4KCJVN,2,202.23,404.46,2023-01-21T18:48:47.955Z,FBA,VISA,None
TXN-M2107,USER-1029,B07ZPKN6YR,1,84.99,84.99,2023-01-22T03:16:38.005Z,FBA,MasterCard,None
TXN-M2108,USER-1280,B09C5RK5TV,2,74.99,149.98,2023-01-22T06:06:22.026Z,Seller,MasterCard,None
TXN-M2109,USER-1467,B07VGRJDFY,3,45.99,137.97,2023-01-22T07:12:20.732Z,FBA,PayPal,COUPON_10
TXN-M2110,USER-1424,B07YNK87DD,2,39.99,79.98,2023-01-22T12:54:42.507Z,Seller,Debit,None
TXN-M2111,USER-1342,B08XYDLC1P,1,99.99,99.99,2023-01-22T16:37:03.956Z,FBA,VISA,COUPON_10
TXN-M2112,USER-1346,B08J5F3J18,1,9.99,9.99,2023-01-22T21:36:53.412Z,Seller,MasterCard,None
TXN-M2113,USER-1224,B07T8JNXRP,3,24.99,74.97,2023-01-22T21:37:32.778Z,Seller,Debit,None
TXN-M2114,USER-1250,B09PQXDM7V,1,16.99,16.99,2023-01-23T01:55:10.805Z,FBM,Discover,None
TXN-M2115,USER-1001,B07YNK87DD,1,39.99,39.99,2023-01-23T06:28:45.565Z,Seller,MasterCard,PRIME_DISCOUNT
TXN-M2116,USER-1474,B07YNK87DD,1,39.99,39.99,2023-01-23T08:46:48.579Z,FBA,PayPal,None
TXN-M2117,USER-1346,B09PQXDM7V,1,16.99,16.99,2023-01-23T17:02:36.123Z,FBM,PayPal,COUPON_10
TXN-M2118,USER-1036,B08TW5NKRQ,1,94.99,94.99,2023-01-24T00:26:56.522Z,FBA,Debit,PRIME_DISCOUNT
TXN-M2119,USER-1451,B09KLDX7M3,2,129.99,259.98,2023-01-24T08:49:12.729Z,FBM,Discover,None
TXN-M2120,USER-1167,B07XQZX9M2,1,14.99,14.99,2023-01-24T13:55:21.107Z,FBM,VISA,COUPON_10
TXN-M2121,USER-1406,B08KY654WZ,1,98,98,2023-01-24T14:55:53.433Z,Seller,MasterCard,None
TXN-M2122,USER-1381,B08P4KCJVN,1,239.99,239.99,2023-01-24T22:37:12.157Z,FBM,Debit,None
TXN-M2123,USER-1134,B09KLDX7M3,1,129.99,129.99,2023-01-24T23:53:39.339Z,Seller,Discover,COUPON_10
TXN-M2124,USER-1084,B08XYDLC1P,1,99.99,99.99,2023-01-25T06:26:02.801Z,Seller,VISA,LIGHTNING_DEAL
TXN-M2125,USER-1424,B07XQZX9M2,3,14.99,44.97,2023-01-25T07:26:24.290Z,Seller,AmEx,LIGHTNING_DEAL
TXN-M2126,USER-1053,B07ZPKN6YR,1,84.99,84.99,2023-01-25T12:45:43.478Z,Seller,Debit,None
TXN-M2127,USER-1077,B08HGH6J8X,1,289.99,289.99,2023-01-25T22:12:13.051Z,FBM,PayPal,None
TXN-M2128,USER-1070,B07ZPML163,1,69.99,69.99,2023-01-26T05:25:12.104Z,FBA,Discover,None
TXN-M2129,USER-1282,B07XJ8C8F5,1,54.99,54.99,2023-01-26T09:59:21.503Z,FBM,AmEx,COUPON_10
TXN-M2130,USER-1085,B08TW5NKRQ,1,94.76,94.76,2023-01-26T12:44:38.271Z,Seller,Debit,COUPON_10
TXN-M2131,USER-1227,B07XQZX9M2,1,14.99,14.99,2023-01-26T20:35:09.530Z,FBM,PayPal,PRIME_DISCOUNT
TXN-M2132,USER-1255,B07VGRJDFY,1,45.99,45.99,2023-01-27T01:15:05.448Z,FBA,MasterCard,LIGHTNING_DEAL
TXN-M2133,USER-1031,B08N5WRWNW,1,139.99,139.99,2023-01-27T05:26:44.582Z,Seller,Discover,None
TXN-M2134,USER-1084,B08J5F3J18,4,9.99,39.96,2023-01-27T08:08:56.596Z,Seller,VISA,None
TXN-M2135,USER-1237,B09CDTHXNL,1,119.99,119.99,2023-01-27T14:10:26.978Z,FBM,Discover,HOLIDAY_SALE
TXN-M2136,USER-1457,B09CDTHXNL,3,107.46,322.37,2023-01-27T14:10:52.852Z,FBM,PayPal,PRIME_DISCOUNT
TXN-M2137,USER-1124,B07ZPML163,3,61.46,184.38,2023-01-27T22:35:15.999Z,FBM,Debit,None
TXN-M2138,USER-1009,B07ZPKN6YR,2,84.99,169.98,2023-01-28T00:41:17.225Z,Seller,AmEx,None
TXN-M2139,USER-1453,B07T8JNXRP,3,24.99,74.97,2023-01-28T01:57:19.407Z,FBM,MasterCard,None
TXN-M2140,USER-1431,B09NBLQH43,1,24.99,24.99,2023-01-28T02:44:15.309Z,FBM,PayPal,LIGHTNING_DEAL
TXN-M2141,USER-1118,B09PQXDM7V,1,16.99,16.99,2023-01-28T04:18:22.564Z,Seller,Discover,None
TXN-M2142,USER-1087,B08HGH6J8X,1,289.99,289.99,2023-01-28T09:10:51.479Z,FBA,AmEx,COUPON_10
TXN-M2143,USER-1380,B08TW5NKRQ,4,94.99,379.96,2023-01-28T14:58:50.290Z,FBM,Debit,COUPON_10
TXN-M2144,USER-1089,B08XYDLC1P,1,99.99,99.99,2023-01-28T21:20:11.681Z,FBA,MasterCard,LIGHTNING_DEAL
TXN-M2145,USER-1227,B07ZPML163,3,59.89,179.67,2023-01-29T00:10:33.796Z,FBA,Discover,HOLIDAY_SALE
TXN-M2146,USER-1043,B09PQXDM7V,1,16.99,16.99,2023-01-29T08:41:05.991Z,Seller,VISA,LIGHTNING_DEAL
TXN-M2147,USER-1068,B08XYDLC1P,1,91.68,91.68,2023-01-29T17:03:39.587Z,FBM,PayPal,LIGHTNING_DEAL
TXN-M2148,USER-1032,B07XJ8C8F5,4,54.99,219.96,2023-01-29T23:35:57.931Z,FBA,Discover,HOLIDAY_SALE
TXN-M2149,USER-1096,B07XQZX9M2,1,14.99,14.99,2023-01-30T04:46:53.637Z,FBA,VISA,None
TXN-M2150,USER-1125,B07ZPKN6YR,1,84.99,84.99,2023-01-30T05:13:26.286Z,FBM,AmEx,PRIME_DISCOUNT
TXN-M2151,USER-1142,B09C5RK5TV,1,69.21,69.21,2023-01-30T05:14:44.324Z,Seller,Discover,COUPON_10
TXN-M2152,USER-1232,B08J5F3J18,2,9.99,19.98,2023-01-30T05:59:01.539Z,Seller,Debit,HOLIDAY_SALE
TXN-M2153,USER-1359,B08XYDLC1P,1,99.99,99.99,2023-01-30T14:26:16.856Z,FBA,MasterCard,None
TXN-M2154,USER-1126,B08GGGM5D9,1,329.99,329.99,2023-01-30T20:05:23.569Z,FBM,Debit,PRIME_DISCOUNT
TXN-M2155,USER-1385,B08GGGM5D9,1,329.99,329.99,2023-01-30T20:50:13.448Z,FBM,AmEx,None
TXN-M2156,USER-1065,B08N5WRWNW,1,139.99,139.99,2023-01-31T00:56:16.801Z,Seller,AmEx,LIGHTNING_DEAL
TXN-M2157,USER-1413,B09C5RK5TV,1,74.99,74.99,2023-01-31T03:27:49.323Z,FBA,Discover,None
TXN-M2158,USER-1230,B08HGH6J8X,1,289.99,289.99,2023-01-31T05:24:51.056Z,Seller,VISA,None
TXN-M2159,USER-1159,B08XYDLC1P,1,99.99,99.99,2023-01-31T08:12:32.057Z,FBA,Discover,LIGHTNING_DEAL
TXN-M2160,USER-1179,B08TW5NKRQ,1,94.99,94.99,2023-01-31T10:25:37.682Z,Seller,PayPal,COUPON_10
TXN-M2161,USER-1226,B08J5F3J18,1,9.99,9.99,2023-01-31T19:53:53.125Z,Seller,MasterCard,None
TXN-M2162,USER-1450,B09C5RK5TV,4,74.99,299.96,2023-02-01T05:09:18.103Z,FBA,AmEx,HOLIDAY_SALE
TXN-M2163,USER-1277,B08KY654WZ,1,98,98,2023-02-01T06:56:08.310Z,FBA,PayPal,PRIME_DISCOUNT
TXN-M2164,USER-1059,B08N5WRWNW,1,139.99,139.99,2023-02-01T14:12:03.041Z,FBM,AmEx,None
TXN-M2165,USER-1096,B08GGGM5D9,3,321.15,963.44,2023-02-01T19:23:07.470Z,Seller,Discover,None
TXN-M2166,USER-1275,B08GGGM5D9,3,329.99,989.97,2023-02-01T20:02:16.603Z,FBM,Debit,None
TXN-M2167,USER-1138,B07T8JNXRP,1,22.05,22.05,2023-02-02T03:38:03.224Z,FBA,Discover,COUPON_10
TXN-M2168,USER-1080,B07ZPML163,2,67.35,134.71,2023-02-02T03:57:51.134Z,FBM,MasterCard,COUPON_10
TXN-M2169,USER-1042,B09NBLQH43,1,24.99,24.99,2023-02-02T04:09:55.259Z,FBA,Discover,None
TXN-M2170,USER-1419,B08J5F3J18,1,9.99,9.99,2023-02-02T06:58:09.837Z,FBA,PayPal,None
TXN-M2171,USER-1430,B08GGGM5D9,1,329.99,329.99,2023-02-02T11:46:57.358Z,Seller,AmEx,LIGHTNING_DEAL
TXN-M2172,USER-1264,B08TW5NKRQ,1,94.99,94.99,2023-02-02T12:36:28.436Z,Seller,MasterCard,PRIME_DISCOUNT
TXN-M2173,USER-1299,B08J5F3J18,4,9.99,39.96,2023-02-02T21:31:04.364Z,FBA,MasterCard,PRIME_DISCOUNT
TXN-M2174,USER-1483,B08N5WRWNW,1,139.99,139.99,2023-02-03T02:27:43.186Z,FBM,MasterCard,LIGHTNING_DEAL
TXN-M2175,USER-1249,B08XYDLC1P,3,99.99,299.97,2023-02-03T04:01:24.292Z,Seller,VISA,COUPON_10
TXN-M2176,USER-1388,B07T8JNXRP,1,24.99,24.99,2023-02-03T06:26:16.748Z,FBM,VISA,COUPON_10
TXN-M2177,USER-1009,B07T8JNXRP,1,24.99,24.99,2023-02-03T13:53:30.293Z,Seller,PayPal,LIGHTNING_DEAL
TXN-M2178,USER-1140,B08KY654WZ,2,98,196,2023-02-03T21:44:03.977Z,FBA,Debit,None
TXN-M2179,USER-1353,B07ZPML163,1,69.99,69.99,2023-02-03T22:16:49.366Z,Seller,VISA,None
TXN-M2180,USER-1437,B08J5F3J18,2,9.99,19.98,2023-02-04T00:29:51.906Z,FBM,VISA,HOLIDAY_SALE
TXN-M2181,USER-1103,B07XQZX9M2,1,14.99,14.99,2023-02-04T05:04:48.516Z,FBA,AmEx,LIGHTNING_DEAL
TXN-M2182,USER-1243,B09CDTHXNL,1,119.99,119.99,2023-02-04T11:28:34.281Z,FBM,Discover,HOLIDAY_SALE
TXN-M2183,USER-1254,B07VGRJDFY,1,45.99,45.99,2023-02-04T19:42:12.310Z,Seller,Debit,COUPON_10
TXN-M2184,USER-1308,B08HGH6J8X,1,289.99,289.99,2023-02-05T04:51:07.004Z,FBM,MasterCard,None
TXN-M2185,USER-1076,B08TW5NKRQ,3,94.99,284.97,2023-02-05T06:39:10.098Z,FBA,MasterCard,None
TXN-M2186,USER-1325,B07XJ8C8F5,1,54.99,54.99,2023-02-05T14:34:23.053Z,Seller,PayPal,HOLIDAY_SALE
TXN-M2187,USER-1146,B09C5RK5TV,1,74.99,74.99,2023-02-05T16:21:49.093Z,FBA,MasterCard,None
TXN-M2188,USER-1219,B09CDTHXNL,1,119.99,119.99,2023-02-05T18:22:54.548Z,FBA,PayPal,PRIME_DISCOUNT
TXN-M2189,USER-1290,B07T8JNXRP,1,24.99,24.99,2023-02-05T22:15:12.838Z,FBM,AmEx,PRIME_DISCOUNT
TXN-M2190,USER-1186,B08P4KCJVN,1,239.99,239.99,2023-02-06T01:25:13.981Z,FBA,Discover,PRIME_DISCOUNT
TXN-M2191,USER-1031,B08XYDLC1P,1,99.99,99.99,2023-02-06T05:31:49.783Z,FBM,Debit,HOLIDAY_SALE
TXN-M2192,USER-1251,B09C5RK5TV,1,64.61,64.61,2023-02-06T11:52:41.351Z,FBA,PayPal,PRIME_DISCOUNT
TXN-M2193,USER-1336,B09CDTHXNL,1,119.99,119.99,2023-02-06T17:35:47.075Z,FBA,Discover,None
TXN-M2194,USER-1337,B07XJ8C8F5,1,53.22,53.22,2023-02-07T03:06:05.803Z,FBM,PayPal,None
TXN-M2195,USER-1443,B08HGH6J8X,1,289.99,289.99,2023-02-07T07:17:57.783Z,FBM,VISA,None
TXN-M2196,USER-1056,B07ZPML163,1,69.99,69.99,2023-02-07T09:25:32.600Z,FBM,VISA,None
TXN-M2197,USER-1313,B08TW5NKRQ,3,94.99,284.97,2023-02-07T10:35:56.565Z,Seller,VISA,None
TXN-M2198,USER-1392,B07T8JNXRP,2,24.99,49.98,2023-02-07T11:44:46.450Z,Seller,MasterCard,None
TXN-M2199,USER-1052,B09CDTHXNL,1,119.99,119.99,2023-02-07T21:10:54.657Z,FBA,AmEx,None
TXN-M2200,USER-1257,B09PQXDM7V,4,16.99,67.96,2023-02-08T00:24:40.286Z,FBM,Discover,None
TXN-M2201,USER-1300,B07XJ8C8F5,2,54.99,109.98,2023-02-08T07:50:08.159Z,Seller,PayPal,LIGHTNING_DEAL
TXN-M2202,USER-1469,B08GGGM5D9,1,329.99,329.99,2023-02-08T13:11:09.714Z,FBM,VISA,None
TXN-M2203,USER-1292,B09PQXDM7V,1,15.97,15.97,2023-02-08T17:24:01.142Z,Seller,MasterCard,PRIME_DISCOUNT
TXN-M2204,USER-1301,B08TW5NKRQ,1,94.99,94.99,2023-02-08T23:49:22.170Z,FBA,AmEx,None
TXN-M2205,USER-1419,B09CDTHXNL,1,106.73,106.73,2023-02-09T04:02:12.629Z,FBA,AmEx,None
TXN-M2206,USER-1380,B08TW5NKRQ,1,94.99,94.99,2023-02-09T06:28:45.227Z,Seller,PayPal,COUPON_10
TXN-M2207,USER-1439,B07ZPML163,3,69.99,209.97,2023-02-09T07:53:17.012Z,FBA,MasterCard,None
TXN-M2208,USER-1408,B08P4KCJVN,1,218.21,218.21,2023-02-09T09:07:14.113Z,FBA,VISA,LIGHTNING_DEAL
TXN-M2209,USER-1441,B08TW5NKRQ,1,94.99,94.99,2023-02-09T10:58:53.729Z,FBA,MasterCard,None
TXN-M2210,USER-1121,B08HGH6J8X,1,289.99,289.99,2023-02-09T16:19:34.577Z,Seller,Debit,HOLIDAY_SALE
TXN-M2211,USER-1148,B08XYDLC1P,1,99.99,99.99,2023-02-09T18:45:27.199Z,FBA,Debit,None
TXN-M2212,USER-1078,B08N5WRWNW,1,139.99,139.99,2023-02-09T21:22:58.882Z,Seller,Discover,HOLIDAY_SALE
TXN-M2213,USER-1408,B07ZPML163,1,69.99,69.99,2023-02-10T00:57:20.922Z,Seller,Discover,None
TXN-M2214,USER-1186,B07ZPML163,1,69.99,69.99,2023-02-10T03:39:21.089Z,FBM,VISA,None
TXN-M2215,USER-1329,B09PQXDM7V,1,16.99,16.99,2023-02-10T09:12:36.074Z,FBM,Debit,LIGHTNING_DEAL
TXN-M2216,USER-1138,B07T8JNXRP,1,24.99,24.99,2023-02-10T15:19:21.815Z,FBA,MasterCard,HOLIDAY_SALE
TXN-M2217,USER-1046,B09PQXDM7V,1,16.99,16.99,2023-02-10T19:13:00.987Z,FBM,PayPal,None
TXN-M2218,USER-1029,B07VGRJDFY,1,45.99,45.99,2023-02-10T22:12:08.516Z,FBM,AmEx,COUPON_10
TXN-M2219,USER-1030,B07T8JNXRP,1,24.99,24.99,2023-02-11T03:17:58.116Z,FBM,Discover,None
TXN-M2220,USER-1163,B07T8JNXRP,1,24.99,24.99,2023-02-11T09:38:46.287Z,FBA,PayPal,LIGHTNING_DEAL
TXN-M2221,USER-1352,B08N5WRWNW,1,139.99,139.99,2023-02-11T15:53:11.436Z,Seller,MasterCard,None
TXN-M2222,USER-1253,B07T8JNXRP,1,22.39,22.39,2023-02-11T17:25:55.502Z,Seller,MasterCard,HOLIDAY_SALE
TXN-M2223,USER-1051,B07XQZX9M2,1,14.21,14.21,2023-02-12T03:00:06.183Z,FBA,MasterCard,HOLIDAY_SALE
TXN-M2224,USER-1462,B09PQXDM7V,1,16.99,16.99,2023-02-12T06:41:50.377Z,FBA,AmEx,HOLIDAY_SALE
TXN-M2225,USER-1440,B09PQXDM7V,1,16.99,16.99,2023-02-12T12:42:57.915Z,Seller,MasterCard,None
TXN-M2226,USER-1316,B08GGGM5D9,1,315.03,315.03,2023-02-12T19:08:11.388Z,FBA,VISA,HOLIDAY_SALE
TXN-M2227,USER-1288,B07T8JNXRP,4,24.99,99.96,2023-02-12T23:26:16.879Z,Seller,VISA,LIGHTNING_DEAL
TXN-M2228,USER-1195,B08TW5NKRQ,1,94.99,94.99,2023-02-13T01:14:08.570Z,FBA,Discover,None
TXN-M2229,USER-1199,B07VGRJDFY,1,45.99,45.99,2023-02-13T02:56:03.921Z,FBA,MasterCard,LIGHTNING_DEAL
TXN-M2230,USER-1397,B08XYDLC1P,3,99.99,299.97,2023-02-13T05:18:17.603Z,FBA,PayPal,COUPON_10
TXN-M2231,USER-1359,B07XQZX9M2,4,14.99,59.96,2023-02-13T07:34:05.061Z,Seller,AmEx,HOLIDAY_SALE
TXN-M2232,USER-1048,B09PQXDM7V,1,16.99,16.99,2023-02-13T09:17:26.821Z,FBM,MasterCard,HOLIDAY_SALE
TXN-M2233,USER-1436,B08HGH6J8X,1,289.99,289.99,2023-02-13T09:42:10.282Z,FBM,Debit,None
TXN-M2234,USER-1300,B08GGGM5D9,1,267.45,267.45,2023-02-13T11:23:48.887Z,FBA,AmEx,None
TXN-M2235,USER-1126,B07YNK87DD,1,39.99,39.99,2023-02-13T17:31:22.717Z,Seller,Discover,None
TXN-M2236,USER-1183,B08N5WRWNW,4,118.36,473.44,2023-02-13T23:58:20.152Z,Seller,MasterCard,HOLIDAY_SALE
TXN-M2237,USER-1147,B09KLDX7M3,1,129.99,129.99,2023-02-14T08:44:14.716Z,FBA,PayPal,None
TXN-M2238,USER-1476,B07VGRJDFY,3,45.99,137.97,2023-02-14T16:34:03.748Z,FBM,VISA,None
TXN-M2239,USER-1043,B08KY654WZ,1,98,98,2023-02-14T23:39:22.166Z,Seller,Discover,None
TXN-M2240,USER-1154,B08J5F3J18,2,9.99,19.98,2023-02-15T06:00:19.631Z,FBA,VISA,None
TXN-M2241,USER-1494,B07XJ8C8F5,1,54.99,54.99,2023-02-15T07:33:40.161Z,Seller,AmEx,None
TXN-M2242,USER-1377,B07ZPML163,3,59.06,177.19,2023-02-15T11:27:29.003Z,FBM,Debit,PRIME_DISCOUNT
TXN-M2243,USER-1415,B08P4KCJVN,4,239.99,959.96,2023-02-15T11:37:14.648Z,FBA,MasterCard,LIGHTNING_DEAL
TXN-M2244,USER-1402,B09CDTHXNL,1,119.99,119.99,2023-02-15T12:34:53.782Z,Seller,MasterCard,LIGHTNING_DEAL
TXN-M2245,USER-1193,B08HGH6J8X,1,289.99,289.99,2023-02-15T17:03:41.792Z,FBA,Discover,None
TXN-M2246,USER-1007,B07VGRJDFY,4,45.99,183.96,2023-02-16T01:00:05.556Z,Seller,MasterCard,PRIME_DISCOUNT
TXN-M2247,USER-1196,B09CDTHXNL,1,119.99,119.99,2023-02-16T09:24:22.037Z,FBA,Discover,HOLIDAY_SALE
TXN-M2248,USER-1144,B09C5RK5TV,1,74.99,74.99,2023-02-16T16:02:26.647Z,FBA,MasterCard,None
TXN-M2249,USER-1201,B07ZPKN6YR,2,84.99,169.98,2023-02-17T01:22:43.426Z,Seller,MasterCard,None
TXN-M2250,USER-1013,B08HGH6J8X,2,289.99,579.98,2023-02-17T09:09:43.866Z,Seller,PayPal,HOLIDAY_SALE
TXN-M2251,USER-1326,B08J5F3J18,1,9.97,9.97,2023-02-17T10:08:15.766Z,FBM,AmEx,HOLIDAY_SALE
TXN-M2252,USER-1203,B07XJ8C8F5,1,54.99,54.99,2023-02-17T14:42:54.599Z,Seller,PayPal,None
TXN-M2253,USER-1046,B08P4KCJVN,2,239.15,478.3,2023-02-17T20:34:57.681Z,FBA,AmEx,COUPON_10
TXN-M2254,USER-1289,B08TW5NKRQ,1,94.99,94.99,2023-02-18T05:14:18.491Z,FBA,AmEx,PRIME_DISCOUNT
TXN-M2255,USER-1006,B09CDTHXNL,3,119.99,359.97,2023-02-18T05:36:52.195Z,FBM,PayPal,None
TXN-M2256,USER-1486,B09CDTHXNL,1,119.99,119.99,2023-02-18T14:30:30.269Z,FBM,MasterCard,None
TXN-M2257,USER-1483,B09C5RK5TV,1,74.99,74.99,2023-02-18T23:10:18.257Z,Seller,MasterCard,LIGHTNING_DEAL
TXN-M2258,USER-1473,B07XQZX9M2,2,14.99,29.98,2023-02-19T03:30:55.153Z,FBA,Debit,LIGHTNING_DEAL
TXN-M2259,USER-1053,B07ZPKN6YR,1,84.99,84.99,2023-02-19T10:56:56.988Z,FBA,MasterCard,None
TXN-M2260,USER-1416,B08KY654WZ,1,98,98,2023-02-19T14:59:05.522Z,Seller,Discover,COUPON_10
TXN-M2261,USER-1412,B09PQXDM7V,2,16.99,33.98,2023-02-19T23:41:29.691Z,FBA,PayPal,PRIME_DISCOUNT
TXN-M2262,USER-1179,B07T8JNXRP,1,23.2,23.2,2023-02-20T04:23:33.034Z,FBA,AmEx,None
TXN-M2263,USER-1287,B08GGGM5D9,1,329.99,329.99,2023-02-20T09:41:48.138Z,Seller,PayPal,LIGHTNING_DEAL
TXN-M2264,USER-1251,B07XQZX9M2,1,12.74,12.74,2023-02-20T14:15:58.456Z,FBM,AmEx,None
TXN-M2265,USER-1220,B08P4KCJVN,1,227.31,227.31,2023-02-20T18:28:33.242Z,FBM,VISA,HOLIDAY_SALE
TXN-M2266,USER-1356,B08P4KCJVN,3,239.99,719.97,2023-02-20T20:04:37.457Z,FBA,VISA,LIGHTNING_DEAL
TXN-M2267,USER-1120,B08XYDLC1P,3,99.99,299.97,2023-02-20T21:50:02.181Z,FBM,Discover,None
TXN-M2268,USER-1364,B09C5RK5TV,1,74.99,74.99,2023-02-20T22:44:54.212Z,Seller,MasterCard,None
TXN-M2269,USER-1228,B09CDTHXNL,1,119.99,119.99,2023-02-20T23:45:47.875Z,FBA,Discover,None
TXN-M2270,USER-1139,B08TW5NKRQ,1,94.99,94.99,2023-02-21T05:58:02.927Z,Seller,MasterCard,PRIME_DISCOUNT
TXN-M2271,USER-1275,B09KLDX7M3,4,129.99,519.96,2023-02-21T14:29:31.574Z,FBA,Debit,None
TXN-M2272,USER-1445,B08N5WRWNW,2,139.99,279.98,2023-02-21T17:38:52.769Z,Seller,Debit,HOLIDAY_SALE
TXN-M2273,USER-1133,B08GGGM5D9,1,329.99,329.99,2023-02-22T01:38:23.023Z,Seller,MasterCard,None
TXN-M2274,USER-1129,B08KY654WZ,1,97.08,97.08,2023-02-22T10:07:19.849Z,Seller,MasterCard,HOLIDAY_SALE
TXN-M2275,USER-1045,B09NBLQH43,1,24.99,24.99,2023-02-22T12:16:27.273Z,FBM,Debit,PRIME_DISCOUNT
TXN-M2276,USER-1487,B08XYDLC1P,1,99.99,99.99,2023-02-22T14:04:07.427Z,FBM,Discover,None
TXN-M2277,USER-1035,B09C5RK5TV,1,74.99,74.99,2023-02-22T15:19:26.647Z,Seller,AmEx,None
TXN-M2278,USER-1105,B07ZPML163,1,60.13,60.13,2023-02-22T19:57:09.407Z,FBM,VISA,None
TXN-M2279,USER-1011,B07XQZX9M2,1,13.03,13.03,2023-02-23T04:59:48.159Z,FBA,MasterCard,PRIME_DISCOUNT
TXN-M2280,USER-1014,B08TW5NKRQ,1,94.99,94.99,2023-02-23T07:09:58.191Z,FBA,VISA,LIGHTNING_DEAL
TXN-M2281,USER-1115,B08P4KCJVN,1,239.99,239.99,2023-02-23T11:54:49.124Z,FBA,MasterCard,COUPON_10
TXN-M2282,USER-1120,B09NBLQH43,1,22.11,22.11,2023-02-23T16:50:21.942Z,FBA,Debit,None
TXN-M2283,USER-1061,B08HGH6J8X,1,289.99,289.99,2023-02-23T20:10:46.693Z,FBM,MasterCard,None
TXN-M2284,USER-1318,B08XYDLC1P,1,99.99,99.99,2023-02-23T23:47:43.323Z,Seller,Discover,None
TXN-M2285,USER-1448,B08N5WRWNW,1,139.99,139.99,2023-02-24T06:54:05.220Z,FBM,PayPal,HOLIDAY_SALE
TXN-M2286,USER-1037,B07VGRJDFY,4,45.99,183.96,2023-02-24T07:41:11.553Z,FBA,MasterCard,None
TXN-M2287,USER-1276,B08XYDLC1P,4,99.99,399.96,2023-02-24T08:27:59.960Z,Seller,PayPal,None
TXN-M2288,USER-1051,B08J5F3J18,2,9.99,19.98,2023-02-24T10:14:08.575Z,FBA,Discover,COUPON_10
TXN-M2289,USER-1441,B09C5RK5TV,3,74.99,224.97,2023-02-24T16:17:15.910Z,FBA,AmEx,PRIME_DISCOUNT
TXN-M2290,USER-1415,B08KY654WZ,1,98,98,2023-02-24T17:36:47.939Z,Seller,MasterCard,None
TXN-M2291,USER-1497,B07XJ8C8F5,1,48.07,48.07,2023-02-25T02:34:28.938Z,FBM,MasterCard,HOLIDAY_SALE
TXN-M2292,USER-1435,B08TW5NKRQ,1,94.99,94.99,2023-02-25T10:23:54.229Z,FBA,MasterCard,None
TXN-M2293,USER-1344,B09C5RK5TV,1,74.99,74.99,2023-02-25T19:37:18.942Z,Seller,AmEx,None
TXN-M2294,USER-1366,B08GGGM5D9,1,329.99,329.99,2023-02-26T01:43:35.990Z,FBM,Discover,PRIME_DISCOUNT
TXN-M2295,USER-1136,B08J5F3J18,1,9.99,9.99,2023-02-26T09:14:06.327Z,Seller,PayPal,None
TXN-M2296,USER-1239,B09PQXDM7V,1,16.99,16.99,2023-02-26T10:29:05.923Z,FBM,VISA,None
TXN-M2297,USER-1230,B08J5F3J18,1,9.99,9.99,2023-02-26T12:57:15.090Z,FBM,Discover,None
TXN-M2298,USER-1098,B08KY654WZ,1,98,98,2023-02-26T21:01:29.755Z,FBA,Debit,HOLIDAY_SALE
TXN-M2299,USER-1372,B07XQZX9M2,2,14.99,29.98,2023-02-26T22:58:30.355Z,Seller,AmEx,LIGHTNING_DEAL
TXN-M2300,USER-1218,B09NBLQH43,1,24.67,24.67,2023-02-27T04:05:19.873Z,FBA,VISA,LIGHTNING_DEAL
TXN-M2301,USER-1093,B08N5WRWNW,4,139.99,559.96,2023-02-27T10:36:02.493Z,Seller,MasterCard,None
TXN-M2302,USER-1107,B07XQZX9M2,1,14.99,14.99,2023-02-27T16:24:42.207Z,FBM,PayPal,HOLIDAY_SALE
TXN-M2303,USER-1140,B07ZPML163,1,69.99,69.99,2023-02-27T22:30:55.528Z,Seller,VISA,HOLIDAY_SALE
TXN-M2304,USER-1374,B07XQZX9M2,3,14.99,44.97,2023-02-28T06:49:09.273Z,FBM,Discover,None
TXN-M2305,USER-1088,B07ZPKN6YR,3,84.99,254.97,2023-02-28T15:27:46.224Z,FBM,VISA,None
TXN-M2306,USER-1004,B07YNK87DD,1,39.99,39.99,2023-02-28T22:05:19.643Z,FBA,Discover,None
TXN-M2307,USER-1044,B08TW5NKRQ,1,94.99,94.99,2023-02-28T22:21:34.314Z,FBM,MasterCard,None
TXN-M2308,USER-1174,B07ZPKN6YR,4,84.99,339.96,2023-03-01T03:14:12.347Z,FBA,Discover,None
TXN-M2309,USER-1105,B07XJ8C8F5,1,54.99,54.99,2023-03-01T11:58:06.245Z,Seller,PayPal,LIGHTNING_DEAL
TXN-M2310,USER-1152,B07T8JNXRP,4,24.99,99.96,2023-03-01T20:45:56.545Z,FBA,Debit,LIGHTNING_DEAL
TXN-M2311,USER-1132,B08TW5NKRQ,1,94.99,94.99,2023-03-01T21:58:06.984Z,FBA,Discover,HOLIDAY_SALE
TXN-M2312,USER-1308,B08GGGM5D9,2,329.99,659.98,2023-03-02T02:06:13.857Z,Seller,MasterCard,LIGHTNING_DEAL
TXN-M2313,USER-1498,B07VGRJDFY,4,45.99,183.96,2023-03-02T04:26:43.753Z,FBM,VISA,LIGHTNING_DEAL
TXN-M2314,USER-1188,B08N5WRWNW,4,139.99,559.96,2023-03-02T06:06:43.892Z,FBA,MasterCard,None
TXN-M2315,USER-1314,B08TW5NKRQ,1,94.99,94.99,2023-03-02T07:57:18.338Z,FBM,PayPal,None
TXN-M2316,USER-1134,B08HGH6J8X,1,289.99,289.99,2023-03-02T12:22:07.448Z,Seller,MasterCard,None
TXN-M2317,USER-1259,B08P4KCJVN,1,239.99,239.99,2023-03-02T16:01:43.831Z,FBM,MasterCard,COUPON_10
TXN-M2318,USER-1040,B09PQXDM7V,1,16.99,16.99,2023-03-02T17:29:25.828Z,FBM,AmEx,None
TXN-M2319,USER-1021,B08HGH6J8X,1,289.99,289.99,2023-03-02T22:25:01.897Z,FBM,Discover,None
TXN-M2320,USER-1498,B08GGGM5D9,1,329.99,329.99,2023-03-03T00:38:55.903Z,Seller,AmEx,None
TXN-M2321,USER-1265,B09C5RK5TV,1,74.99,74.99,2023-03-03T08:13:15.688Z,FBA,PayPal,LIGHTNING_DEAL
TXN-M2322,USER-1274,B07ZPML163,3,69.99,209.97,2023-03-03T08:40:28.664Z,FBA,VISA,None
TXN-M2323,USER-1062,B07XJ8C8F5,1,54.99,54.99,2023-03-03T09:29:10.649Z,FBA,Discover,HOLIDAY_SALE
TXN-M2324,USER-1476,B08KY654WZ,3,98,294,2023-03-03T15:57:01.680Z,Seller,VISA,None
TXN-M2325,USER-1323,B07T8JNXRP,4,24.99,99.96,2023-03-03T21:59:16.595Z,FBM,Debit,PRIME_DISCOUNT
TXN-M2326,USER-1101,B08N5WRWNW,1,139.99,139.99,2023-03-03T23:27:21.536Z,Seller,VISA,None
TXN-M2327,USER-1097,B07ZPML163,1,56.72,56.72,2023-03-04T05:14:08.539Z,FBM,MasterCard,None
TXN-M2328,USER-1394,B09CDTHXNL,1,119.99,119.99,2023-03-04T13:50:06.165Z,Seller,VISA,COUPON_10
TXN-M2329,USER-1455,B09KLDX7M3,1,129.99,129.99,2023-03-04T20:12:07.021Z,FBA,Discover,PRIME_DISCOUNT
TXN-M2330,USER-1121,B08TW5NKRQ,4,94.99,379.96,2023-03-04T23:16:57.220Z,FBM,PayPal,COUPON_10
TXN-M2331,USER-1091,B07VGRJDFY,1,45.99,45.99,2023-03-05T04:12:51.310Z,FBA,VISA,LIGHTNING_DEAL
TXN-M2332,USER-1437,B08N5WRWNW,1,139.99,139.99,2023-03-05T13:23:45.501Z,FBA,MasterCard,None
TXN-M2333,USER-1305,B07VGRJDFY,1,45.99,45.99,2023-03-05T15:06:20.876Z,Seller,VISA,None
TXN-M2334,USER-1138,B09NBLQH43,1,20.41,20.41,2023-03-05T15:26:56.247Z,FBA,AmEx,LIGHTNING_DEAL
TXN-M2335,USER-1054,B09PQXDM7V,1,16.99,16.99,2023-03-05T19:28:53.131Z,FBA,VISA,None
TXN-M2336,USER-1254,B07ZPML163,1,69.99,69.99,2023-03-06T04:54:55.391Z,FBA,MasterCard,None
TXN-M2337,USER-1483,B07XQZX9M2,1,14.99,14.99,2023-03-06T10:26:45.887Z,FBA,Discover,PRIME_DISCOUNT
TXN-M2338,USER-1143,B09PQXDM7V,1,16.99,16.99,2023-03-06T12:51:54.390Z,FBA,PayPal,None
TXN-M2339,USER-1026,B08GGGM5D9,1,329.99,329.99,2023-03-06T15:37:30.694Z,Seller,Discover,HOLIDAY_SALE
TXN-M2340,USER-1318,B07ZPKN6YR,1,84.99,84.99,2023-03-06T20:41:37.335Z,Seller,VISA,None
TXN-M2341,USER-1470,B07VGRJDFY,1,45.99,45.99,2023-03-07T03:34:06.320Z,Seller,Discover,None
TXN-M2342,USER-1230,B09CDTHXNL,1,119.99,119.99,2023-03-07T06:08:12.161Z,FBM,Debit,HOLIDAY_SALE
TXN-M2343,USER-1116,B08KY654WZ,1,98,98,2023-03-07T07:54:23.656Z,FBA,MasterCard,None
TXN-M2344,USER-1497,B09CDTHXNL,1,119.99,119.99,2023-03-07T08:43:28.453Z,FBA,PayPal,PRIME_DISCOUNT
TXN-M2345,USER-1461,B08N5WRWNW,1,139.99,139.99,2023-03-07T08:46:10.256Z,Seller,MasterCard,PRIME_DISCOUNT
TXN-M2346,USER-1478,B09C5RK5TV,2,74.99,149.98,2023-03-07T14:48:38.808Z,FBM,MasterCard,None
TXN-M2347,USER-1119,B09NBLQH43,1,22.92,22.92,2023-03-07T22:48:09.198Z,Seller,Debit,None
TXN-M2348,USER-1045,B07VGRJDFY,1,45.99,45.99,2023-03-08T04:36:33.511Z,FBA,VISA,None
TXN-M2349,USER-1071,B09C5RK5TV,1,74.99,74.99,2023-03-08T09:40:02.566Z,FBA,Debit,HOLIDAY_SALE
TXN-M2350,USER-1448,B09C5RK5TV,1,74.99,74.99,2023-03-08T18:48:21.390Z,Seller,PayPal,COUPON_10
TXN-M2351,USER-1296,B07YNK87DD,1,39.99,39.99,2023-03-09T04:12:53.148Z,FBA,AmEx,PRIME_DISCOUNT
TXN-M2352,USER-1174,B09C5RK5TV,1,74.99,74.99,2023-03-09T05:12:12.835Z,Seller,Debit,COUPON_10
TXN-M2353,USER-1256,B09KLDX7M3,4,129.99,519.96,2023-03-09T07:31:58.019Z,FBM,MasterCard,PRIME_DISCOUNT
TXN-M2354,USER-1473,B08P4KCJVN,1,239.99,239.99,2023-03-09T13:32:14.971Z,FBM,MasterCard,HOLIDAY_SALE
TXN-M2355,USER-1258,B08N5WRWNW,2,139.99,279.98,2023-03-09T16:19:07.556Z,FBA,Debit,LIGHTNING_DEAL
TXN-M2356,USER-1218,B07YNK87DD,1,39.99,39.99,2023-03-09T18:18:25.769Z,Seller,VISA,HOLIDAY_SALE
TXN-M2357,USER-1239,B09CDTHXNL,1,119.99,119.99,2023-03-10T00:22:34.258Z,FBM,Discover,PRIME_DISCOUNT
TXN-M2358,USER-1381,B07XJ8C8F5,1,53.66,53.66,2023-03-10T07:48:26.753Z,Seller,Discover,None
TXN-M2359,USER-1434,B08N5WRWNW,2,139.99,279.98,2023-03-10T13:59:41.615Z,FBA,PayPal,None
TXN-M2360,USER-1375,B07XJ8C8F5,1,54.99,54.99,2023-03-10T22:43:58.385Z,FBM,Discover,PRIME_DISCOUNT
TXN-M2361,USER-1208,B08TW5NKRQ,2,94.99,189.98,2023-03-11T03:12:54.004Z,FBM,Debit,None
TXN-M2362,USER-1215,B08XYDLC1P,1,99.99,99.99,2023-03-11T08:07:43.293Z,Seller,VISA,None
TXN-M2363,USER-1330,B08TW5NKRQ,1,94.99,94.99,2023-03-11T14:52:19.677Z,FBM,VISA,None
TXN-M2364,USER-1409,B07VGRJDFY,1,45.99,45.99,2023-03-11T16:39:56.944Z,FBA,Debit,None
TXN-M2365,USER-1048,B07XQZX9M2,4,14.99,59.96,2023-03-11T17:38:52.687Z,FBM,Debit,COUPON_10
TXN-M2366,USER-1448,B09KLDX7M3,1,129.99,129.99,2023-03-12T00:57:16.209Z,Seller,Debit,None
TXN-M2367,USER-1238,B08HGH6J8X,1,289.99,289.99,2023-03-12T07:02:39.701Z,Seller,AmEx,PRIME_DISCOUNT
TXN-M2368,USER-1094,B09PQXDM7V,2,16.99,33.98,2023-03-12T09:53:58.525Z,FBA,MasterCard,None
TXN-M2369,USER-1158,B09KLDX7M3,4,129.99,519.96,2023-03-12T18:45:59.560Z,FBA,Debit,HOLIDAY_SALE
TXN-M2370,USER-1484,B08TW5NKRQ,4,94.99,379.96,2023-03-13T03:41:59.632Z,FBA,PayPal,COUPON_10
TXN-M2371,USER-1162,B08J5F3J18,3,9.99,29.97,2023-03-13T09:40:14.082Z,Seller,Debit,LIGHTNING_DEAL
TXN-M2372,USER-1374,B09NBLQH43,1,24.99,24.99,2023-03-13T15:33:00.478Z,FBM,VISA,None
TXN-M2373,USER-1475,B09CDTHXNL,1,119.99,119.99,2023-03-13T16:20:39.112Z,FBM,MasterCard,COUPON_10
TXN-M2374,USER-1275,B07ZPML163,1,69.99,69.99,2023-03-14T01:28:18.286Z,Seller,AmEx,HOLIDAY_SALE
TXN-M2375,USER-1454,B08GGGM5D9,1,329.99,329.99,2023-03-14T02:29:32.803Z,FBM,PayPal,HOLIDAY_SALE
TXN-M2376,USER-1270,B08J5F3J18,1,9.99,9.99,2023-03-14T09:50:39.955Z,Seller,VISA,PRIME_DISCOUNT
TXN-M2377,USER-1258,B07XQZX9M2,1,14.99,14.99,2023-03-14T17:01:50.139Z,FBA,VISA,None
TXN-M2378,USER-1165,B08TW5NKRQ,1,94.1,94.1,2023-03-15T00:44:41.282Z,FBA,MasterCard,PRIME_DISCOUNT
TXN-M2379,USER-1470,B07YNK87DD,1,37.36,37.36,2023-03-15T08:00:10.972Z,FBM,PayPal,LIGHTNING_DEAL
TXN-M2380,USER-1454,B09NBLQH43,3,24.99,74.97,2023-03-15T14:06:53.168Z,FBM,VISA,COUPON_10
TXN-M2381,USER-1225,B09KLDX7M3,3,129.99,389.97,2023-03-15T16:27:14.542Z,Seller,VISA,COUPON_10
TXN-M2382,USER-1304,B08J5F3J18,2,9.99,19.98,2023-03-15T23:47:10.479Z,FBA,Discover,None
TXN-M2383,USER-1414,B08P4KCJVN,1,239.99,239.99,2023-03-16T00:11:35.581Z,Seller,PayPal,PRIME_DISCOUNT
TXN-M2384,USER-1463,B07VGRJDFY,1,45.99,45.99,2023-03-16T05:09:04.313Z,Seller,VISA,None
TXN-M2385,USER-1382,B07YNK87DD,1,39.99,39.99,2023-03-16T10:42:57.211Z,Seller,Debit,LIGHTNING_DEAL
TXN-M2386,USER-1056,B07ZPKN6YR,1,76.27,76.27,2023-03-16T11:44:42.547Z,FBM,MasterCard,COUPON_10
TXN-M2387,USER-1498,B08N5WRWNW,1,139.99,139.99,2023-03-16T15:37:19.790Z,Seller,Discover,None
TXN-M2388,USER-1074,B09KLDX7M3,1,129.99,129.99,2023-03-16T16:43:25.599Z,Seller,Discover,None
TXN-M2389,USER-1084,B07XJ8C8F5,1,54.99,54.99,2023-03-16T22:08:58.881Z,Seller,PayPal,COUPON_10
TXN-M2390,USER-1185,B08GGGM5D9,1,329.99,329.99,2023-03-17T04:14:23.276Z,FBM,AmEx,None
TXN-M2391,USER-1401,B08HGH6J8X,1,289.99,289.99,2023-03-17T12:12:10.043Z,FBM,MasterCard,LIGHTNING_DEAL
TXN-M2392,USER-1451,B07YNK87DD,2,39.16,78.33,2023-03-17T19:39:34.538Z,FBM,VISA,COUPON_10
TXN-M2393,USER-1194,B08HGH6J8X,1,289.99,289.99,2023-03-18T04:44:15.296Z,FBM,AmEx,None
TXN-M2394,USER-1288,B08KY654WZ,3,80.93,242.78,2023-03-18T09:33:41.819Z,Seller,Discover,COUPON_10
TXN-M2395,USER-1158,B07ZPML163,3,69.99,209.97,2023-03-18T09:34:40.051Z,Seller,AmEx,COUPON_10
TXN-M2396,USER-1055,B09PQXDM7V,1,16.99,16.99,2023-03-18T13:43:26.663Z,FBM,MasterCard,None
TXN-M2397,USER-1167,B09C5RK5TV,3,74.99,224.97,2023-03-18T15:06:52.762Z,FBA,Discover,LIGHTNING_DEAL
TXN-M2398,USER-1054,B08GGGM5D9,1,329.99,329.99,2023-03-18T22:14:13.044Z,FBM,AmEx,None
TXN-M2399,USER-1165,B07ZPML163,1,60.59,60.59,2023-03-18T23:11:54.594Z,FBA,MasterCard,LIGHTNING_DEAL
TXN-M2400,USER-1432,B08XYDLC1P,1,99.99,99.99,2023-03-19T04:50:34.378Z,FBM,PayPal,None
TXN-M2401,USER-1405,B08TW5NKRQ,1,94.99,94.99,2023-03-19T07:59:19.370Z,FBM,AmEx,HOLIDAY_SALE
TXN-M2402,USER-1102,B09CDTHXNL,1,119.99,119.99,2023-03-19T13:19:53.119Z,Seller,VISA,None
TXN-M2403,USER-1118,B07XQZX9M2,2,14.99,29.98,2023-03-19T13:47:55.997Z,FBM,MasterCard,None
TXN-M2404,USER-1383,B07T8JNXRP,4,24.99,99.96,2023-03-19T23:15:12.238Z,FBM,MasterCard,PRIME_DISCOUNT
TXN-M2405,USER-1412,B09C5RK5TV,1,74.99,74.99,2023-03-20T00:11:22.978Z,FBM,Discover,COUPON_10
TXN-M2406,USER-1230,B07XQZX9M2,3,14.99,44.97,2023-03-20T04:47:55.672Z,FBA,Debit,HOLIDAY_SALE
TXN-M2407,USER-1157,B07ZPKN6YR,1,84.99,84.99,2023-03-20T12:57:35.303Z,FBA,VISA,HOLIDAY_SALE
TXN-M2408,USER-1157,B09PQXDM7V,1,16.99,16.99,2023-03-20T19:22:55.610Z,FBA,Discover,PRIME_DISCOUNT
TXN-M2409,USER-1475,B07T8JNXRP,1,24.99,24.99,2023-03-21T02:30:02.607Z,Seller,AmEx,None
TXN-M2410,USER-1247,B07ZPML163,1,69.99,69.99,2023-03-21T10:22:29.214Z,Seller,MasterCard,None
TXN-M2411,USER-1083,B07VGRJDFY,2,39.99,79.97,2023-03-21T15:19:49.833Z,FBM,Debit,None
TXN-M2412,USER-1302,B08HGH6J8X,4,289.99,1159.96,2023-03-21T15:57:13.797Z,FBA,MasterCard,COUPON_10
TXN-M2413,USER-1099,B09NBLQH43,1,24.99,24.99,2023-03-21T20:18:20.152Z,Seller,VISA,None
TXN-M2414,USER-1355,B07ZPML163,1,69.99,69.99,2023-03-22T01:16:36.352Z,FBM,MasterCard,HOLIDAY_SALE
TXN-M2415,USER-1379,B07YNK87DD,1,39.99,39.99,2023-03-22T09:35:59.986Z,FBM,AmEx,COUPON_10
TXN-M2416,USER-1350,B08KY654WZ,1,93.14,93.14,2023-03-22T12:44:56.144Z,FBM,MasterCard,HOLIDAY_SALE
TXN-M2417,USER-1179,B07ZPML163,1,58.78,58.78,2023-03-22T18:49:30.113Z,Seller,VISA,None
TXN-M2418,USER-1374,B09C5RK5TV,1,74.99,74.99,2023-03-22T19:44:18.569Z,FBA,VISA,None
TXN-M2419,USER-1276,B07XQZX9M2,1,14.99,14.99,2023-03-23T03:21:46.829Z,Seller,PayPal,LIGHTNING_DEAL
TXN-M2420,USER-1071,B07ZPML163,2,69.99,139.98,2023-03-23T09:57:41.679Z,FBA,Discover,COUPON_10
TXN-M2421,USER-1474,B09C5RK5TV,1,74.99,74.99,2023-03-23T16:36:50.423Z,Seller,Discover,HOLIDAY_SALE
TXN-M2422,USER-1425,B08J5F3J18,1,9.99,9.99,2023-03-23T17:58:51.623Z,FBA,AmEx,None
TXN-M2423,USER-1147,B07XJ8C8F5,4,45.07,180.29,2023-03-23T21:01:57.399Z,FBA,PayPal,None
TXN-M2424,USER-1301,B08TW5NKRQ,1,94.99,94.99,2023-03-24T02:05:31.316Z,FBA,MasterCard,None
TXN-M2425,USER-1495,B08N5WRWNW,1,139.99,139.99,2023-03-24T03:52:37.043Z,FBM,Debit,None
TXN-M2426,USER-1331,B08GGGM5D9,1,329.99,329.99,2023-03-24T13:04:43.946Z,FBM,Discover,LIGHTNING_DEAL
TXN-M2427,USER-1348,B08N5WRWNW,1,139.99,139.99,2023-03-24T15:56:43.519Z,FBA,Debit,PRIME_DISCOUNT
TXN-M2428,USER-1209,B09CDTHXNL,1,119.99,119.99,2023-03-24T23:50:27.151Z,Seller,VISA,HOLIDAY_SALE
TXN-M2429,USER-1006,B07XJ8C8F5,1,47.73,47.73,2023-03-25T03:25:17.774Z,Seller,VISA,None
TXN-M2430,USER-1325,B07T8JNXRP,1,20.95,20.95,2023-03-25T08:10:51.544Z,Seller,MasterCard,HOLIDAY_SALE
TXN-M2431,USER-1362,B08J5F3J18,2,9.99,19.98,2023-03-25T13:05:02.638Z,Seller,MasterCard,None
TXN-M2432,USER-1419,B09NBLQH43,3,24.99,74.97,2023-03-25T21:41:24.191Z,FBM,Discover,None
TXN-M2433,USER-1456,B09PQXDM7V,1,16.99,16.99,2023-03-26T01:21:08.071Z,FBA,PayPal,None
TXN-M2434,USER-1135,B07VGRJDFY,1,45.99,45.99,2023-03-26T07:29:21.262Z,FBA,VISA,None
TXN-M2435,USER-1256,B08P4KCJVN,2,239.99,479.98,2023-03-26T15:33:27.729Z,Seller,VISA,COUPON_10
TXN-M2436,USER-1089,B09NBLQH43,1,24.99,24.99,2023-03-27T00:07:41.690Z,FBM,PayPal,HOLIDAY_SALE
TXN-M2437,USER-1115,B09C5RK5TV,3,74.99,224.97,2023-03-27T03:37:12.634Z,FBM,PayPal,HOLIDAY_SALE
TXN-M2438,USER-1012,B09PQXDM7V,2,16.99,33.98,2023-03-27T11:49:52.082Z,FBA,MasterCard,None
TXN-M2439,USER-1272,B08KY654WZ,3,98,294,2023-03-27T18:33:47.586Z,Seller,AmEx,COUPON_10
TXN-M2440,USER-1269,B08KY654WZ,1,98,98,2023-03-28T00:01:03.183Z,FBM,MasterCard,COUPON_10
TXN-M2441,USER-1355,B07ZPML163,1,69.99,69.99,2023-03-28T03:02:42.511Z,Seller,AmEx,PRIME_DISCOUNT
TXN-M2442,USER-1159,B08TW5NKRQ,2,94.99,189.98,2023-03-28T12:23:07.925Z,Seller,Discover,None
TXN-M2443,USER-1123,B08HGH6J8X,1,289.99,289.99,2023-03-28T15:22:56.426Z,FBA,Discover,PRIME_DISCOUNT
TXN-M2444,USER-1302,B07ZPKN6YR,1,79.7,79.7,2023-03-28T15:55:21.897Z,Seller,PayPal,COUPON_10
TXN-M2445,USER-1312,B08XYDLC1P,1,99.99,99.99,2023-03-28T16:51:40.757Z,Seller,Debit,COUPON_10
TXN-M2446,USER-1373,B07YNK87DD,1,39.99,39.99,2023-03-28T18:46:06.852Z,Seller,VISA,None
TXN-M2447,USER-1340,B09KLDX7M3,1,129.99,129.99,2023-03-29T03:23:32.595Z,FBA,Discover,COUPON_10
TXN-M2448,USER-1139,B08P4KCJVN,1,239.99,239.99,2023-03-29T08:05:09.135Z,FBM,VISA,None
TXN-M2449,USER-1179,B07XJ8C8F5,1,54.99,54.99,2023-03-29T13:29:59.432Z,FBA,Discover,LIGHTNING_DEAL
TXN-M2450,USER-1108,B09CDTHXNL,1,119.99,119.99,2023-03-29T15:09:01.047Z,FBM,PayPal,None
TXN-M2451,USER-1439,B09PQXDM7V,1,16.99,16.99,2023-03-29T23:13:39.130Z,Seller,Discover,HOLIDAY_SALE
TXN-M2452,USER-1360,B08XYDLC1P,1,99.99,99.99,2023-03-29T23:17:06.906Z,Seller,PayPal,COUPON_10
TXN-M2453,USER-1430,B09NBLQH43,1,24.99,24.99,2023-03-30T07:29:06.408Z,FBM,AmEx,LIGHTNING_DEAL
TXN-M2454,USER-1343,B07T8JNXRP,1,24.99,24.99,2023-03-30T14:20:44.202Z,FBM,PayPal,HOLIDAY_SALE
TXN-M2455,USER-1159,B08J5F3J18,2,9.99,19.98,2023-03-30T16:26:21.470Z,FBM,VISA,PRIME_DISCOUNT
TXN-M2456,USER-1468,B08HGH6J8X,1,273.98,273.98,2023-03-30T22:23:45.258Z,Seller,VISA,None
TXN-M2457,USER-1292,B09KLDX7M3,2,129.99,259.98,2023-03-31T02:54:58.980Z,FBM,VISA,None
TXN-M2458,USER-1208,B08TW5NKRQ,1,87.68,87.68,2023-03-31T12:30:56.943Z,FBA,PayPal,HOLIDAY_SALE
TXN-M2459,USER-1274,B07YNK87DD,1,39.99,39.99,2023-03-31T16:40:36.542Z,FBA,AmEx,HOLIDAY_SALE
TXN-M2460,USER-1436,B07XQZX9M2,2,14.99,29.98,2023-04-01T01:13:52.803Z,FBA,AmEx,COUPON_10
TXN-M2461,USER-1266,B08GGGM5D9,1,329.99,329.99,2023-04-01T07:40:52.502Z,Seller,VISA,HOLIDAY_SALE
TXN-M2462,USER-1010,B09PQXDM7V,2,16.99,33.98,2023-04-01T15:56:22.108Z,FBM,VISA,PRIME_DISCOUNT
TXN-M2463,USER-1150,B07XQZX9M2,1,14.99,14.99,2023-04-01T22:11:53.665Z,FBM,Discover,PRIME_DISCOUNT
TXN-M2464,USER-1025,B08P4KCJVN,1,239.66,239.66,2023-04-02T06:03:25.925Z,Seller,MasterCard,COUPON_10
TXN-M2465,USER-1245,B07YNK87DD,1,39.99,39.99,2023-04-02T12:50:28.630Z,Seller,VISA,PRIME_DISCOUNT
TXN-M2466,USER-1031,B08TW5NKRQ,1,94.99,94.99,2023-04-02T19:59:37.707Z,FBM,VISA,LIGHTNING_DEAL
TXN-M2467,USER-1063,B08HGH6J8X,2,289.99,579.98,2023-04-03T03:47:59.993Z,FBM,PayPal,None
TXN-M2468,USER-1081,B07ZPML163,2,69.99,139.98,2023-04-03T07:36:22.237Z,Seller,VISA,HOLIDAY_SALE
TXN-M2469,USER-1235,B07ZPKN6YR,1,84.99,84.99,2023-04-03T09:39:29.083Z,Seller,MasterCard,None
TXN-M2470,USER-1379,B09PQXDM7V,1,14.66,14.66,2023-04-03T09:49:19.875Z,Seller,Debit,None
TXN-M2471,USER-1201,B07XJ8C8F5,1,52.83,52.83,2023-04-03T15:01:36.649Z,FBM,MasterCard,COUPON_10
TXN-M2472,USER-1298,B07VGRJDFY,1,45.99,45.99,2023-04-04T00:32:13.708Z,FBA,PayPal,COUPON_10
TXN-M2473,USER-1489,B08KY654WZ,4,98,392,2023-04-04T08:04:12.432Z,Seller,VISA,HOLIDAY_SALE
TXN-M2474,USER-1246,B07XQZX9M2,1,14.99,14.99,2023-04-04T13:59:36.824Z,FBA,Debit,HOLIDAY_SALE
TXN-M2475,USER-1286,B07YNK87DD,1,39.99,39.99,2023-04-04T22:48:21.082Z,Seller,AmEx,LIGHTNING_DEAL
TXN-M2476,USER-1468,B07XQZX9M2,1,14.99,14.99,2023-04-05T00:13:00.579Z,FBM,VISA,None
TXN-M2477,USER-1318,B09NBLQH43,1,24.99,24.99,2023-04-05T08:23:59.577Z,Seller,PayPal,None
TXN-M2478,USER-1230,B08KY654WZ,1,98,98,2023-04-05T11:26:18.263Z,FBA,Debit,None
TXN-M2479,USER-1452,B08GGGM5D9,1,329.99,329.99,2023-04-05T18:13:51.153Z,Seller,AmEx,None
TXN-M2480,USER-1214,B07VGRJDFY,1,45.99,45.99,2023-04-06T00:51:18.753Z,Seller,Discover,COUPON_10
TXN-M2481,USER-1442,B07XJ8C8F5,1,54.99,54.99,2023-04-06T05:52:37.395Z,FBA,MasterCard,PRIME_DISCOUNT
TXN-M2482,USER-1087,B09CDTHXNL,1,119.99,119.99,2023-04-06T10:42:41.967Z,FBA,Debit,PRIME_DISCOUNT
TXN-M2483,USER-1203,B08J5F3J18,2,9.99,19.98,2023-04-06T14:30:40.933Z,Seller,MasterCard,LIGHTNING_DEAL
TXN-M2484,USER-1075,B08HGH6J8X,1,289.99,289.99,2023-04-06T18:21:22.911Z,Seller,Discover,LIGHTNING_DEAL
TXN-M2485,USER-1176,B07XQZX9M2,4,14.99,59.96,2023-04-06T23:26:20.256Z,FBM,PayPal,PRIME_DISCOUNT
TXN-M2486,USER-1389,B09C5RK5TV,3,74.99,224.97,2023-04-07T06:09:12.062Z,FBA,VISA,HOLIDAY_SALE
TXN-M2487,USER-1119,B08J5F3J18,1,9.99,9.99,2023-04-07T11:30:09.039Z,Seller,MasterCard,None
TXN-M2488,USER-1243,B08GGGM5D9,1,329.99,329.99,2023-04-07T14:43:52.629Z,Seller,AmEx,None
TXN-M2489,USER-1186,B08HGH6J8X,1,289.99,289.99,2023-04-07T18:25:35.674Z,Seller,AmEx,None
TXN-M2490,USER-1209,B07XQZX9M2,1,14.99,14.99,2023-04-07T23:38:02.035Z,FBA,MasterCard,HOLIDAY_SALE
TXN-M2491,USER-1113,B09C5RK5TV,1,74.99,74.99,2023-04-08T04:36:16.482Z,FBA,PayPal,None
TXN-M2492,USER-1267,B09PQXDM7V,4,16.99,67.96,2023-04-08T12:42:25.051Z,FBA,Debit,None
TXN-M2493,USER-1248,B08J5F3J18,1,9.99,9.99,2023-04-08T14:44:21.994Z,FBA,Debit,COUPON_10
TXN-M2494,USER-1338,B08TW5NKRQ,1,94.99,94.99,2023-04-08T20:50:08.865Z,Seller,Debit,PRIME_DISCOUNT
TXN-M2495,USER-1215,B08J5F3J18,3,9.99,29.97,2023-04-09T03:14:30.245Z,Seller,PayPal,HOLIDAY_SALE
TXN-M2496,USER-1142,B07YNK87DD,2,39.99,79.98,2023-04-09T12:29:18.321Z,FBM,PayPal,None
TXN-M2497,USER-1131,B08P4KCJVN,1,239.99,239.99,2023-04-09T20:40:55.437Z,Seller,Discover,None
TXN-M2498,USER-1354,B07T8JNXRP,1,21.2,21.2,2023-04-09T21:17:11.467Z,FBA,VISA,COUPON_10
TXN-M2499,USER-1442,B09KLDX7M3,1,129.99,129.99,2023-04-10T03:32:38.029Z,FBA,Debit,PRIME_DISCOUNT
TXN-M2500,USER-1226,B09CDTHXNL,1,119.99,119.99,2023-04-10T07:29:17.722Z,FBM,VISA,HOLIDAY_SALE
TXN-M2501,USER-1440,B09KLDX7M3,1,129.99,129.99,2023-04-10T16:54:30.934Z,FBA,PayPal,PRIME_DISCOUNT
TXN-M2502,USER-1149,B08KY654WZ,1,89.5,89.5,2023-04-10T22:39:23.181Z,FBM,Discover,HOLIDAY_SALE
TXN-M2503,USER-1488,B09CDTHXNL,3,119.99,359.97,2023-04-11T03:35:20.606Z,Seller,MasterCard,COUPON_10
TXN-M2504,USER-1241,B09KLDX7M3,1,129.99,129.99,2023-04-11T10:38:38.771Z,Seller,AmEx,HOLIDAY_SALE
TXN-M2505,USER-1081,B07XJ8C8F5,1,54.99,54.99,2023-04-11T11:47:01.809Z,Seller,Discover,None
TXN-M2506,USER-1272,B07XQZX9M2,4,14.99,59.96,2023-04-11T17:13:20.566Z,Seller,Debit,LIGHTNING_DEAL
TXN-M2507,USER-1240,B07YNK87DD,1,39.99,39.99,2023-04-11T17:50:01.968Z,Seller,Discover,None
TXN-M2508,USER-1262,B07ZPKN6YR,1,84.99,84.99,2023-04-12T01:15:16.465Z,FBM,Debit,None
TXN-M2509,USER-1010,B07T8JNXRP,3,21.08,63.23,2023-04-12T10:16:35.560Z,FBA,Discover,None
TXN-M2510,USER-1406,B08XYDLC1P,1,99.99,99.99,2023-04-12T16:32:12.465Z,FBM,Debit,None
TXN-M2511,USER-1215,B07T8JNXRP,1,22.9,22.9,2023-04-12T18:57:59.103Z,FBM,Debit,PRIME_DISCOUNT
TXN-M2512,USER-1376,B07YNK87DD,4,32.02,128.1,2023-04-12T21:25:25.551Z,Seller,Debit,PRIME_DISCOUNT
TXN-M2513,USER-1326,B07ZPKN6YR,1,84.99,84.99,2023-04-13T05:59:30.417Z,Seller,Debit,COUPON_10
TXN-M2514,USER-1172,B09KLDX7M3,1,129.99,129.99,2023-04-13T08:23:19.129Z,FBM,Discover,None
TXN-M2515,USER-1227,B07XJ8C8F5,1,54.99,54.99,2023-04-13T11:58:57.763Z,FBA,AmEx,COUPON_10
TXN-M2516,USER-1201,B08KY654WZ,3,97.72,293.15,2023-04-13T19:25:08.229Z,Seller,AmEx,None
TXN-M2517,USER-1470,B07VGRJDFY,1,45.99,45.99,2023-04-13T23:22:36.844Z,FBM,Discover,None
TXN-M2518,USER-1329,B08J5F3J18,1,9.99,9.99,2023-04-14T00:38:13.407Z,FBA,AmEx,COUPON_10
TXN-M2519,USER-1100,B08N5WRWNW,4,139.99,559.96,2023-04-14T05:31:59.397Z,FBA,VISA,COUPON_10
TXN-M2520,USER-1100,B07VGRJDFY,2,45.99,91.98,2023-04-14T10:38:06.836Z,FBA,Debit,None
TXN-M2521,USER-1455,B09CDTHXNL,1,119.99,119.99,2023-04-14T18:57:18.265Z,FBM,VISA,None
TXN-M2522,USER-1430,B07ZPKN6YR,3,84.99,254.97,2023-04-14T19:55:32.373Z,Seller,Discover,None
TXN-M2523,USER-1027,B08XYDLC1P,4,95.73,382.91,2023-04-15T04:52:40.297Z,Seller,PayPal,HOLIDAY_SALE
TXN-M2524,USER-1401,B07T8JNXRP,1,24.99,24.99,2023-04-15T06:11:02.290Z,FBM,Debit,HOLIDAY_SALE
TXN-M2525,USER-1116,B09PQXDM7V,1,14.29,14.29,2023-04-15T12:39:22.918Z,FBM,MasterCard,None
TXN-M2526,USER-1134,B09C5RK5TV,4,73.39,293.56,2023-04-15T13:04:27.083Z,FBA,PayPal,None
TXN-M2527,USER-1293,B07XQZX9M2,1,14.99,14.99,2023-04-15T14:40:11.002Z,FBM,PayPal,HOLIDAY_SALE
TXN-M2528,USER-1153,B07VGRJDFY,1,45.99,45.99,2023-04-15T15:32:30.702Z,FBA,Debit,PRIME_DISCOUNT
TXN-M2529,USER-1027,B07XJ8C8F5,1,54.99,54.99,2023-04-15T19:31:13.047Z,FBA,Debit,LIGHTNING_DEAL
TXN-M2530,USER-1297,B09NBLQH43,1,24.99,24.99,2023-04-15T21:19:09.328Z,FBM,Discover,LIGHTNING_DEAL
TXN-M2531,USER-1141,B08J5F3J18,1,9.99,9.99,2023-04-16T03:33:03.445Z,Seller,Discover,None
TXN-M2532,USER-1415,B08TW5NKRQ,3,94.99,284.97,2023-04-16T05:33:50.399Z,Seller,AmEx,None
TXN-M2533,USER-1399,B09NBLQH43,1,24.99,24.99,2023-04-16T09:17:59.284Z,Seller,VISA,None
TXN-M2534,USER-1201,B09C5RK5TV,1,74.99,74.99,2023-04-16T10:19:07.571Z,Seller,Discover,PRIME_DISCOUNT
TXN-M2535,USER-1309,B08XYDLC1P,1,99.99,99.99,2023-04-16T13:54:55.416Z,FBM,PayPal,PRIME_DISCOUNT
TXN-M2536,USER-1290,B09CDTHXNL,1,119.99,119.99,2023-04-16T23:02:11.655Z,FBA,VISA,HOLIDAY_SALE
TXN-M2537,USER-1424,B09PQXDM7V,1,16.99,16.99,2023-04-17T00:34:10.731Z,FBA,MasterCard,COUPON_10
TXN-M2538,USER-1317,B08N5WRWNW,1,139.25,139.25,2023-04-17T06:32:40.602Z,Seller,Debit,None
TXN-M2539,USER-1429,B08KY654WZ,1,98,98,2023-04-17T13:35:12.714Z,FBM,PayPal,None
TXN-M2540,USER-1496,B07YNK87DD,1,39.99,39.99,2023-04-17T15:57:27.606Z,FBM,MasterCard,None
TXN-M2541,USER-1016,B08XYDLC1P,1,99.99,99.99,2023-04-18T00:17:46.545Z,Seller,AmEx,PRIME_DISCOUNT
TXN-M2542,USER-1159,B08GGGM5D9,1,329.99,329.99,2023-04-18T04:11:30.112Z,Seller,AmEx,None
TXN-M2543,USER-1172,B09KLDX7M3,1,129.99,129.99,2023-04-18T10:02:00.245Z,FBA,VISA,None
TXN-M2544,USER-1020,B08HGH6J8X,4,289.99,1159.96,2023-04-18T15:30:52.693Z,FBA,MasterCard,None
TXN-M2545,USER-1294,B09KLDX7M3,2,125.09,250.18,2023-04-18T19:18:16.116Z,FBM,Discover,None
TXN-M2546,USER-1410,B07XQZX9M2,1,14.99,14.99,2023-04-19T00:10:27.766Z,FBA,PayPal,None
TXN-M2547,USER-1156,B07XQZX9M2,4,14.99,59.96,2023-04-19T05:49:24.602Z,FBM,MasterCard,PRIME_DISCOUNT
TXN-M2548,USER-1174,B08GGGM5D9,1,329.99,329.99,2023-04-19T12:30:25.558Z,FBM,PayPal,HOLIDAY_SALE
TXN-M2549,USER-1027,B07YNK87DD,1,39.99,39.99,2023-04-19T12:37:20.460Z,Seller,Discover,None
TXN-M2550,USER-1287,B09NBLQH43,3,24.99,74.97,2023-04-19T18:43:39.093Z,FBA,AmEx,None
TXN-M2551,USER-1385,B08N5WRWNW,1,138.84,138.84,2023-04-19T20:42:15.576Z,Seller,AmEx,None
TXN-M2552,USER-1068,B07XQZX9M2,1,14.99,14.99,2023-04-20T05:13:12.899Z,FBA,MasterCard,COUPON_10
TXN-M2553,USER-1472,B08XYDLC1P,4,99.99,399.96,2023-04-20T08:23:05.945Z,FBA,MasterCard,PRIME_DISCOUNT
TXN-M2554,USER-1385,B07YNK87DD,1,39.99,39.99,2023-04-20T12:27:19.166Z,Seller,MasterCard,None
TXN-M2555,USER-1065,B07T8JNXRP,1,24.99,24.99,2023-04-20T21:37:08.048Z,FBA,VISA,None
TXN-M2556,USER-1271,B09NBLQH43,1,24.99,24.99,2023-04-20T22:10:31.609Z,FBA,AmEx,PRIME_DISCOUNT
TXN-M2557,USER-1423,B08KY654WZ,1,98,98,2023-04-21T05:08:01.808Z,FBM,VISA,PRIME_DISCOUNT
TXN-M2558,USER-1299,B09KLDX7M3,1,129.99,129.99,2023-04-21T08:22:02.406Z,FBM,PayPal,LIGHTNING_DEAL
TXN-M2559,USER-1141,B08HGH6J8X,4,253.64,1014.55,2023-04-21T17:47:14.563Z,FBM,PayPal,None
TXN-M2560,USER-1003,B09NBLQH43,1,24.99,24.99,2023-04-22T00:47:19.531Z,FBA,PayPal,None
TXN-M2561,USER-1238,B08HGH6J8X,1,289.99,289.99,2023-04-22T03:14:01.163Z,Seller,PayPal,PRIME_DISCOUNT
TXN-M2562,USER-1204,B09KLDX7M3,1,129.99,129.99,2023-04-22T03:32:57.542Z,FBM,Discover,None
TXN-M2563,USER-1024,B08N5WRWNW,3,139.99,419.97,2023-04-22T10:26:42.545Z,Seller,MasterCard,None
TXN-M2564,USER-1327,B07T8JNXRP,1,24.99,24.99,2023-04-22T18:28:49.374Z,FBM,Discover,None
TXN-M2565,USER-1343,B08HGH6J8X,1,289.99,289.99,2023-04-23T01:01:05.612Z,FBA,PayPal,PRIME_DISCOUNT
TXN-M2566,USER-1019,B09KLDX7M3,2,129.99,259.98,2023-04-23T02:57:38.650Z,FBM,PayPal,None
TXN-M2567,USER-1498,B08P4KCJVN,2,239.99,479.98,2023-04-23T11:17:54.696Z,FBM,VISA,PRIME_DISCOUNT
TXN-M2568,USER-1375,B09C5RK5TV,2,74.99,149.98,2023-04-23T16:26:24.454Z,FBM,AmEx,None
TXN-M2569,USER-1421,B09KLDX7M3,1,129.99,129.99,2023-04-23T21:28:02.132Z,FBM,Debit,HOLIDAY_SALE
TXN-M2570,USER-1060,B09C5RK5TV,1,74.99,74.99,2023-04-24T06:26:10.884Z,FBM,PayPal,PRIME_DISCOUNT
TXN-M2571,USER-1159,B08XYDLC1P,1,99.99,99.99,2023-04-24T06:51:25.508Z,Seller,PayPal,None
TXN-M2572,USER-1063,B07VGRJDFY,2,45.99,91.98,2023-04-24T15:36:44.791Z,FBA,AmEx,COUPON_10
TXN-M2573,USER-1198,B09PQXDM7V,1,16.99,16.99,2023-04-24T23:43:27.138Z,FBA,PayPal,None
TXN-M2574,USER-1221,B07ZPKN6YR,1,84.99,84.99,2023-04-25T08:08:56.606Z,Seller,PayPal,LIGHTNING_DEAL
TXN-M2575,USER-1047,B07ZPML163,1,69.99,69.99,2023-04-25T08:57:49.994Z,FBA,AmEx,None
TXN-M2576,USER-1222,B08TW5NKRQ,1,91.91,91.91,2023-04-25T15:04:32.168Z,Seller,AmEx,LIGHTNING_DEAL
TXN-M2577,USER-1076,B07XQZX9M2,1,12.15,12.15,2023-04-25T15:20:48.907Z,FBM,VISA,LIGHTNING_DEAL
TXN-M2578,USER-1096,B08P4KCJVN,1,239.99,239.99,2023-04-25T19:36:47.670Z,FBM,MasterCard,None
TXN-M2579,USER-1063,B07T8JNXRP,1,24.99,24.99,2023-04-25T20:49:47.899Z,FBM,Discover,None
TXN-M2580,USER-1045,B09KLDX7M3,3,129.99,389.97,2023-04-26T05:23:05.444Z,FBA,Discover,HOLIDAY_SALE
TXN-M2581,USER-1459,B07VGRJDFY,3,45.99,137.97,2023-04-26T10:09:15.882Z,Seller,AmEx,None
TXN-M2582,USER-1061,B08HGH6J8X,1,289.99,289.99,2023-04-26T14:44:45.012Z,FBA,Discover,None
TXN-M2583,USER-1044,B09NBLQH43,1,24.99,24.99,2023-04-26T18:21:07.212Z,FBM,Discover,LIGHTNING_DEAL
TXN-M2584,USER-1172,B07VGRJDFY,2,42.85,85.71,2023-04-26T20:07:54.862Z,FBA,Debit,None
TXN-M2585,USER-1308,B08HGH6J8X,2,246.15,492.3,2023-04-27T01:48:02.884Z,FBM,MasterCard,COUPON_10
TXN-M2586,USER-1142,B08TW5NKRQ,1,94.99,94.99,2023-04-27T10:12:49.373Z,FBA,MasterCard,HOLIDAY_SALE
TXN-M2587,USER-1313,B08XYDLC1P,1,99.99,99.99,2023-04-27T11:54:21.835Z,FBA,Debit,None
TXN-M2588,USER-1415,B08TW5NKRQ,1,88.37,88.37,2023-04-27T16:39:22.121Z,FBA,Discover,LIGHTNING_DEAL
TXN-M2589,USER-1403,B07YNK87DD,2,39.99,79.98,2023-04-27T20:54:06.741Z,Seller,AmEx,HOLIDAY_SALE
TXN-M2590,USER-1399,B08KY654WZ,1,86.34,86.34,2023-04-27T20:55:09.376Z,FBM,AmEx,PRIME_DISCOUNT
TXN-M2591,USER-1198,B08P4KCJVN,1,239.99,239.99,2023-04-28T05:44:23.198Z,Seller,PayPal,PRIME_DISCOUNT
TXN-M2592,USER-1029,B07ZPML163,2,69.99,139.98,2023-04-28T10:06:03.498Z,FBM,Discover,LIGHTNING_DEAL
TXN-M2593,USER-1264,B08P4KCJVN,1,197.03,197.03,2023-04-28T17:28:01.391Z,FBA,AmEx,LIGHTNING_DEAL
TXN-M2594,USER-1061,B07XQZX9M2,2,14.99,29.98,2023-04-28T23:39:02.487Z,FBM,AmEx,PRIME_DISCOUNT
TXN-M2595,USER-1137,B08XYDLC1P,1,99.99,99.99,2023-04-29T02:50:47.513Z,FBA,AmEx,HOLIDAY_SALE
TXN-M2596,USER-1248,B07VGRJDFY,1,45.99,45.99,2023-04-29T04:13:53.081Z,FBA,AmEx,None
TXN-M2597,USER-1223,B08TW5NKRQ,1,82.48,82.48,2023-04-29T10:52:53.806Z,FBM,VISA,None
TXN-M2598,USER-1219,B07XQZX9M2,1,14.99,14.99,2023-04-29T14:01:50.579Z,FBM,AmEx,HOLIDAY_SALE
TXN-M2599,USER-1399,B07XJ8C8F5,3,54.99,164.97,2023-04-29T15:31:59.234Z,FBA,Debit,None
TXN-M2600,USER-1293,B09C5RK5TV,1,69.84,69.84,2023-04-29T17:12:25.814Z,Seller,VISA,None
TXN-M2601,USER-1346,B07XJ8C8F5,2,54.99,109.98,2023-04-29T22:38:02.936Z,FBA,Debit,None
TXN-M2602,USER-1186,B08KY654WZ,1,98,98,2023-04-30T04:06:46.266Z,FBM,PayPal,HOLIDAY_SALE
TXN-M2603,USER-1257,B08J5F3J18,2,9.99,19.98,2023-04-30T07:19:08.276Z,FBA,VISA,None
TXN-M2604,USER-1144,B08HGH6J8X,1,289.99,289.99,2023-04-30T09:44:47.909Z,Seller,Debit,HOLIDAY_SALE
TXN-M2605,USER-1102,B08N5WRWNW,1,139.99,139.99,2023-04-30T13:27:49.813Z,Seller,PayPal,None
TXN-M2606,USER-1134,B08TW5NKRQ,3,94.99,284.97,2023-04-30T17:28:26.899Z,FBA,AmEx,LIGHTNING_DEAL
TXN-M2607,USER-1255,B08J5F3J18,4,9.99,39.96,2023-05-01T02:57:13.083Z,FBM,MasterCard,LIGHTNING_DEAL
TXN-M2608,USER-1288,B09NBLQH43,3,24.99,74.97,2023-05-01T10:55:35.291Z,FBM,AmEx,LIGHTNING_DEAL
TXN-M2609,USER-1474,B08TW5NKRQ,3,94.88,284.63,2023-05-01T15:15:59.906Z,FBA,MasterCard,COUPON_10
TXN-M2610,USER-1467,B08N5WRWNW,4,139.99,559.96,2023-05-01T22:21:25.448Z,FBA,MasterCard,PRIME_DISCOUNT
TXN-M2611,USER-1161,B08HGH6J8X,1,289.99,289.99,2023-05-02T03:40:37.710Z,FBA,PayPal,None
TXN-M2612,USER-1132,B08J5F3J18,1,9.99,9.99,2023-05-02T08:00:07.749Z,FBM,Debit,COUPON_10
TXN-M2613,USER-1230,B08P4KCJVN,3,239.99,719.97,2023-05-02T12:34:03.420Z,Seller,AmEx,None
TXN-M2614,USER-1225,B07YNK87DD,4,39.99,159.96,2023-05-02T15:41:59.054Z,Seller,PayPal,LIGHTNING_DEAL
TXN-M2615,USER-1074,B08TW5NKRQ,2,94.99,189.98,2023-05-02T23:27:41.379Z,Seller,MasterCard,COUPON_10
TXN-M2616,USER-1066,B08HGH6J8X,1,282.14,282.14,2023-05-03T02:24:00.519Z,FBM,Debit,HOLIDAY_SALE
TXN-M2617,USER-1283,B08J5F3J18,2,9.99,19.98,2023-05-03T03:29:47.141Z,FBM,Discover,LIGHTNING_DEAL
TXN-M2618,USER-1040,B08HGH6J8X,1,289.99,289.99,2023-05-03T04:35:37.882Z,FBA,Discover,None
TXN-M2619,USER-1302,B09CDTHXNL,1,119.99,119.99,2023-05-03T12:33:04.473Z,FBM,PayPal,None
TXN-M2620,USER-1252,B09KLDX7M3,1,129.99,129.99,2023-05-03T13:54:07.173Z,FBM,VISA,COUPON_10
TXN-M2621,USER-1276,B09C5RK5TV,3,74.99,224.97,2023-05-03T23:23:30.542Z,FBA,MasterCard,LIGHTNING_DEAL
TXN-M2622,USER-1157,B07YNK87DD,1,39.99,39.99,2023-05-04T02:16:35.314Z,FBM,AmEx,COUPON_10
TXN-M2623,USER-1012,B09KLDX7M3,3,129.99,389.97,2023-05-04T06:02:24.882Z,FBA,AmEx,PRIME_DISCOUNT
TXN-M2624,USER-1414,B09C5RK5TV,2,74.99,149.98,2023-05-04T13:35:56.328Z,FBA,AmEx,HOLIDAY_SALE
TXN-M2625,USER-1128,B07VGRJDFY,1,45.99,45.99,2023-05-04T18:19:29.958Z,Seller,AmEx,HOLIDAY_SALE
TXN-M2626,USER-1408,B08GGGM5D9,1,329.99,329.99,2023-05-04T23:12:22.680Z,Seller,PayPal,PRIME_DISCOUNT
TXN-M2627,USER-1392,B07XQZX9M2,4,14.99,59.96,2023-05-05T00:03:46.916Z,Seller,AmEx,None
TXN-M2628,USER-1171,B08KY654WZ,2,98,196,2023-05-05T08:22:17.904Z,FBM,PayPal,None
TXN-M2629,USER-1489,B08HGH6J8X,1,270.67,270.67,2023-05-05T09:24:45.812Z,FBM,Discover,None
TXN-M2630,USER-1237,B09C5RK5TV,1,69.27,69.27,2023-05-05T16:56:34.091Z,Seller,VISA,None
TXN-M2631,USER-1348,B07XQZX9M2,1,14.99,14.99,2023-05-05T17:24:46.885Z,FBA,VISA,PRIME_DISCOUNT
TXN-M2632,USER-1490,B08J5F3J18,1,9.99,9.99,2023-05-05T18:34:51.137Z,FBM,Discover,LIGHTNING_DEAL
TXN-M2633,USER-1316,B08GGGM5D9,1,329.99,329.99,2023-05-05T19:32:14.144Z,FBA,VISA,PRIME_DISCOUNT
TXN-M2634,USER-1200,B07XJ8C8F5,1,44.87,44.87,2023-05-06T00:43:49.467Z,FBM,AmEx,None
TXN-M2635,USER-1278,B09NBLQH43,1,24.99,24.99,2023-05-06T04:20:03.140Z,FBM,VISA,None
TXN-M2636,USER-1478,B09PQXDM7V,1,16.99,16.99,2023-05-06T04:48:08.001Z,FBM,PayPal,None
TXN-M2637,USER-1399,B07T8JNXRP,2,24.99,49.98,2023-05-06T12:50:14.787Z,FBM,AmEx,None
TXN-M2638,USER-1214,B08GGGM5D9,1,317.48,317.48,2023-05-06T14:50:26.351Z,Seller,Discover,LIGHTNING_DEAL
TXN-M2639,USER-1020,B07XQZX9M2,1,14.99,14.99,2023-05-06T20:32:06.619Z,FBA,VISA,None
TXN-M2640,USER-1256,B07XJ8C8F5,1,44.23,44.23,2023-05-06T23:42:51.461Z,Seller,MasterCard,LIGHTNING_DEAL
TXN-M2641,USER-1025,B07YNK87DD,1,39.99,39.99,2023-05-07T03:47:58.219Z,FBA,AmEx,None
TXN-M2642,USER-1413,B08TW5NKRQ,3,94.99,284.97,2023-05-07T09:41:46.608Z,FBM,AmEx,PRIME_DISCOUNT
TXN-M2643,USER-1120,B09PQXDM7V,1,16.99,16.99,2023-05-07T14:36:57.296Z,Seller,VISA,None
TXN-M2644,USER-1183,B09NBLQH43,1,24.99,24.99,2023-05-07T15:20:29.539Z,FBM,VISA,COUPON_10
TXN-M2645,USER-1175,B09PQXDM7V,4,16.99,67.96,2023-05-07T20:18:01.126Z,FBM,PayPal,PRIME_DISCOUNT
TXN-M2646,USER-1017,B09PQXDM7V,1,13.68,13.68,2023-05-08T00:00:09.153Z,FBM,AmEx,None
TXN-M2647,USER-1499,B08TW5NKRQ,1,94.99,94.99,2023-05-08T02:05:15.138Z,Seller,PayPal,None
TXN-M2648,USER-1158,B08KY654WZ,1,98,98,2023-05-08T10:51:48.667Z,Seller,PayPal,COUPON_10
TXN-M2649,USER-1088,B07ZPKN6YR,3,84.99,254.97,2023-05-08T18:29:31.858Z,FBA,Debit,None
TXN-M2650,USER-1115,B08GGGM5D9,1,312,312,2023-05-08T23:05:28.093Z,FBA,VISA,COUPON_10
TXN-M2651,USER-1218,B08P4KCJVN,3,239.99,719.97,2023-05-09T01:36:03.336Z,FBM,Debit,None
TXN-M2652,USER-1449,B09C5RK5TV,4,74.99,299.96,2023-05-09T04:56:08.343Z,FBM,Discover,PRIME_DISCOUNT
TXN-M2653,USER-1083,B08TW5NKRQ,1,94.99,94.99,2023-05-09T05:28:56.581Z,Seller,VISA,HOLIDAY_SALE
TXN-M2654,USER-1126,B08P4KCJVN,3,239.99,719.97,2023-05-09T13:28:38.944Z,FBA,Debit,None
TXN-M2655,USER-1196,B09C5RK5TV,1,74.99,74.99,2023-05-09T16:01:43.148Z,Seller,Discover,HOLIDAY_SALE
TXN-M2656,USER-1011,B07XJ8C8F5,1,54.99,54.99,2023-05-09T18:57:37.955Z,FBA,Debit,LIGHTNING_DEAL
TXN-M2657,USER-1086,B07VGRJDFY,1,43.12,43.12,2023-05-10T03:38:31.012Z,Seller,MasterCard,None
TXN-M2658,USER-1005,B07T8JNXRP,1,21.08,21.08,2023-05-10T09:51:42.259Z,FBM,VISA,COUPON_10
TXN-M2659,USER-1252,B07ZPKN6YR,4,84.99,339.96,2023-05-10T12:13:41.347Z,FBA,Discover,COUPON_10
TXN-M2660,USER-1451,B09C5RK5TV,1,74.99,74.99,2023-05-10T12:48:16.872Z,FBM,Debit,COUPON_10
TXN-M2661,USER-1096,B09C5RK5TV,1,74.99,74.99,2023-05-10T17:31:30.216Z,Seller,PayPal,HOLIDAY_SALE
TXN-M2662,USER-1105,B08HGH6J8X,1,289.99,289.99,2023-05-10T22:52:11.471Z,Seller,VISA,PRIME_DISCOUNT
TXN-M2663,USER-1495,B07T8JNXRP,3,24.99,74.97,2023-05-10T23:27:42.761Z,Seller,MasterCard,None
TXN-M2664,USER-1312,B08P4KCJVN,1,239.99,239.99,2023-05-11T04:56:13.276Z,Seller,VISA,HOLIDAY_SALE
TXN-M2665,USER-1440,B07XQZX9M2,1,14.99,14.99,2023-05-11T11:42:46.398Z,FBM,AmEx,HOLIDAY_SALE
TXN-M2666,USER-1003,B09KLDX7M3,3,123.5,370.51,2023-05-11T12:59:23.480Z,FBM,Discover,None
TXN-M2667,USER-1461,B08J5F3J18,1,9.99,9.99,2023-05-11T18:11:15.789Z,FBA,AmEx,None
TXN-M2668,USER-1172,B09NBLQH43,1,24.99,24.99,2023-05-11T21:13:48.208Z,Seller,Discover,HOLIDAY_SALE
TXN-M2669,USER-1060,B09KLDX7M3,1,129.99,129.99,2023-05-11T21:26:05.595Z,Seller,PayPal,None
TXN-M2670,USER-1198,B07YNK87DD,1,38.69,38.69,2023-05-12T06:37:19.058Z,Seller,Debit,HOLIDAY_SALE
TXN-M2671,USER-1376,B08XYDLC1P,1,99.99,99.99,2023-05-12T14:53:55.183Z,Seller,PayPal,PRIME_DISCOUNT
TXN-M2672,USER-1295,B08N5WRWNW,1,139.99,139.99,2023-05-12T17:57:56.878Z,FBM,Debit,None
TXN-M2673,USER-1371,B09KLDX7M3,3,129.99,389.97,2023-05-12T18:09:47.808Z,Seller,Discover,COUPON_10
TXN-M2674,USER-1329,B07YNK87DD,3,36.89,110.66,2023-05-12T21:20:08.749Z,FBM,MasterCard,None
TXN-M2675,USER-1160,B08HGH6J8X,4,289.99,1159.96,2023-05-13T06:49:41.749Z,FBM,Debit,COUPON_10
TXN-M2676,USER-1121,B08J5F3J18,1,9.99,9.99,2023-05-13T09:53:00.642Z,FBM,PayPal,COUPON_10
TXN-M2677,USER-1071,B09PQXDM7V,1,16.99,16.99,2023-05-13T12:27:23.204Z,FBA,AmEx,PRIME_DISCOUNT
TXN-M2678,USER-1045,B07ZPML163,1,69.99,69.99,2023-05-13T14:49:14.409Z,FBM,AmEx,None
TXN-M2679,USER-1036,B08HGH6J8X,1,289.99,289.99,2023-05-13T22:51:27.504Z,Seller,Discover,None
TXN-M2680,USER-1139,B09KLDX7M3,1,129.99,129.99,2023-05-13T22:57:03.686Z,FBA,Discover,None
TXN-M2681,USER-1202,B09KLDX7M3,2,129.99,259.98,2023-05-14T08:08:07.287Z,Seller,PayPal,PRIME_DISCOUNT
TXN-M2682,USER-1156,B09PQXDM7V,1,16.99,16.99,2023-05-14T15:37:05.299Z,Seller,VISA,HOLIDAY_SALE
TXN-M2683,USER-1484,B07XQZX9M2,1,14.99,14.99,2023-05-14T19:05:25.066Z,Seller,AmEx,None
TXN-M2684,USER-1343,B08TW5NKRQ,4,90.58,362.34,2023-05-15T01:11:59.394Z,FBM,AmEx,None
TXN-M2685,USER-1389,B08P4KCJVN,1,239.99,239.99,2023-05-15T10:19:59.057Z,Seller,Discover,HOLIDAY_SALE
TXN-M2686,USER-1157,B08J5F3J18,1,9.99,9.99,2023-05-15T19:01:23.186Z,FBM,VISA,None
TXN-M2687,USER-1027,B09CDTHXNL,1,100.47,100.47,2023-05-16T00:06:20.055Z,FBA,Discover,HOLIDAY_SALE
TXN-M2688,USER-1219,B08TW5NKRQ,1,94.99,94.99,2023-05-16T08:48:29.542Z,Seller,PayPal,PRIME_DISCOUNT
TXN-M2689,USER-1276,B08N5WRWNW,1,139.99,139.99,2023-05-16T17:22:07.944Z,Seller,PayPal,None
TXN-M2690,USER-1230,B08TW5NKRQ,1,94.99,94.99,2023-05-16T21:01:22.378Z,FBM,Debit,PRIME_DISCOUNT
TXN-M2691,USER-1392,B07XJ8C8F5,3,54.99,164.97,2023-05-17T03:24:40.545Z,Seller,Discover,PRIME_DISCOUNT
TXN-M2692,USER-1091,B09KLDX7M3,1,123.57,123.57,2023-05-17T06:46:25.493Z,FBA,VISA,LIGHTNING_DEAL
TXN-M2693,USER-1257,B09NBLQH43,1,24.99,24.99,2023-05-17T14:42:34.279Z,Seller,MasterCard,None
TXN-M2694,USER-1434,B08P4KCJVN,1,239.99,239.99,2023-05-17T21:52:16.254Z,FBA,Debit,None
TXN-M2695,USER-1468,B09CDTHXNL,1,119.99,119.99,2023-05-18T01:14:05.319Z,Seller,PayPal,HOLIDAY_SALE
TXN-M2696,USER-1422,B08N5WRWNW,4,139.99,559.96,2023-05-18T03:18:50.216Z,FBM,Discover,None
TXN-M2697,USER-1460,B09CDTHXNL,1,101.02,101.02,2023-05-18T06:25:38.129Z,Seller,PayPal,HOLIDAY_SALE
TXN-M2698,USER-1386,B07XQZX9M2,1,14.99,14.99,2023-05-18T09:20:44.263Z,FBA,AmEx,COUPON_10
TXN-M2699,USER-1085,B07T8JNXRP,1,24.99,24.99,2023-05-18T16:53:37.525Z,FBM,Discover,LIGHTNING_DEAL
TXN-M2700,USER-1242,B09C5RK5TV,1,74.99,74.99,2023-05-19T00:41:58.816Z,FBA,Discover,COUPON_10
TXN-M2701,USER-1499,B08XYDLC1P,1,99.99,99.99,2023-05-19T07:09:53.664Z,FBM,MasterCard,PRIME_DISCOUNT
TXN-M2702,USER-1235,B07XQZX9M2,1,14.99,14.99,2023-05-19T13:03:11.107Z,FBM,MasterCard,LIGHTNING_DEAL
TXN-M2703,USER-1146,B07XQZX9M2,1,14.99,14.99,2023-05-19T14:04:16.048Z,Seller,MasterCard,None
TXN-M2704,USER-1234,B08GGGM5D9,1,287.66,287.66,2023-05-19T19:38:04.821Z,FBM,MasterCard,None
TXN-M2705,USER-1208,B09NBLQH43,1,24.99,24.99,2023-05-20T00:29:40.537Z,FBA,Debit,LIGHTNING_DEAL
TXN-M2706,USER-1416,B07YNK87DD,3,39.99,119.97,2023-05-20T06:57:28.242Z,Seller,VISA,HOLIDAY_SALE
TXN-M2707,USER-1091,B08P4KCJVN,1,239.99,239.99,2023-05-20T10:20:27.859Z,Seller,PayPal,COUPON_10
TXN-M2708,USER-1060,B07XQZX9M2,2,14.99,29.98,2023-05-20T15:14:41.267Z,Seller,Debit,None
TXN-M2709,USER-1306,B07ZPML163,1,69.58,69.58,2023-05-20T23:31:39.808Z,Seller,VISA,None
TXN-M2710,USER-1325,B08N5WRWNW,1,139.99,139.99,2023-05-21T03:24:49.870Z,FBM,AmEx,None
TXN-M2711,USER-1258,B08GGGM5D9,1,329.99,329.99,2023-05-21T11:57:28.802Z,Seller,VISA,None
TXN-M2712,USER-1221,B08J5F3J18,1,8.27,8.27,2023-05-21T20:18:39.404Z,FBM,VISA,None
TXN-M2713,USER-1288,B08XYDLC1P,1,99.99,99.99,2023-05-21T20:37:58.352Z,FBA,AmEx,None
TXN-M2714,USER-1476,B09CDTHXNL,1,119.99,119.99,2023-05-22T02:22:13.317Z,Seller,Debit,PRIME_DISCOUNT
TXN-M2715,USER-1214,B07YNK87DD,1,39.99,39.99,2023-05-22T10:20:56.654Z,FBA,PayPal,COUPON_10
TXN-M2716,USER-1434,B08KY654WZ,1,98,98,2023-05-22T10:26:50.197Z,Seller,PayPal,LIGHTNING_DEAL
TXN-M2717,USER-1148,B07ZPKN6YR,2,80.03,160.06,2023-05-22T13:39:19.157Z,FBM,Discover,HOLIDAY_SALE
TXN-M2718,USER-1118,B07T8JNXRP,1,24.99,24.99,2023-05-22T16:37:42.904Z,Seller,AmEx,HOLIDAY_SALE
TXN-M2719,USER-1021,B08TW5NKRQ,4,94.99,379.96,2023-05-22T17:32:04.293Z,Seller,VISA,None
TXN-M2720,USER-1403,B08GGGM5D9,1,329.99,329.99,2023-05-22T19:38:52.364Z,Seller,Debit,PRIME_DISCOUNT
TXN-M2721,USER-1495,B08TW5NKRQ,2,94.99,189.98,2023-05-23T03:23:10.781Z,FBM,Discover,None
TXN-M2722,USER-1276,B08J5F3J18,1,9.99,9.99,2023-05-23T11:49:07.024Z,FBA,PayPal,PRIME_DISCOUNT
TXN-M2723,USER-1486,B08HGH6J8X,1,289.99,289.99,2023-05-23T11:59:02.838Z,FBA,Debit,COUPON_10
TXN-M2724,USER-1263,B08J5F3J18,1,9.99,9.99,2023-05-23T20:33:22.039Z,FBM,Discover,None
TXN-M2725,USER-1373,B07XQZX9M2,2,14.99,29.98,2023-05-23T23:15:53.417Z,Seller,Discover,LIGHTNING_DEAL
TXN-M2726,USER-1049,B07ZPKN6YR,1,84.99,84.99,2023-05-24T05:57:58.336Z,FBA,AmEx,PRIME_DISCOUNT
TXN-M2727,USER-1041,B08TW5NKRQ,1,94.99,94.99,2023-05-24T09:06:06.137Z,FBA,Debit,COUPON_10
TXN-M2728,USER-1303,B07ZPML163,1,69.99,69.99,2023-05-24T15:37:28.372Z,FBA,PayPal,LIGHTNING_DEAL
TXN-M2729,USER-1272,B09NBLQH43,2,24.99,49.98,2023-05-24T18:40:09.597Z,FBA,PayPal,None
TXN-M2730,USER-1489,B09PQXDM7V,1,16.99,16.99,2023-05-24T19:26:44.337Z,FBA,Discover,COUPON_10
TXN-M2731,USER-1455,B07VGRJDFY,1,45.99,45.99,2023-05-25T01:55:24.514Z,Seller,VISA,HOLIDAY_SALE
TXN-M2732,USER-1186,B08HGH6J8X,1,289.99,289.99,2023-05-25T05:49:17.079Z,FBM,PayPal,PRIME_DISCOUNT
TXN-M2733,USER-1494,B09NBLQH43,1,24.99,24.99,2023-05-25T07:15:01.275Z,Seller,Discover,None
TXN-M2734,USER-1450,B07VGRJDFY,1,45.99,45.99,2023-05-25T16:20:22.892Z,Seller,PayPal,PRIME_DISCOUNT
TXN-M2735,USER-1265,B08J5F3J18,4,9.99,39.96,2023-05-25T20:49:15.892Z,Seller,Debit,None
TXN-M2736,USER-1437,B09CDTHXNL,2,117.28,234.55,2023-05-26T00:04:00.584Z,Seller,VISA,COUPON_10
TXN-M2737,USER-1108,B08XYDLC1P,1,99.99,99.99,2023-05-26T04:34:03.631Z,FBM,Discover,LIGHTNING_DEAL
TXN-M2738,USER-1160,B09NBLQH43,2,24.99,49.98,2023-05-26T12:17:09.213Z,Seller,PayPal,None
TXN-M2739,USER-1010,B08TW5NKRQ,1,94.99,94.99,2023-05-26T21:25:22.104Z,FBM,MasterCard,COUPON_10
TXN-M2740,USER-1227,B07XQZX9M2,1,14.99,14.99,2023-05-27T00:44:41.185Z,FBA,VISA,COUPON_10
TXN-M2741,USER-1199,B07VGRJDFY,1,45.99,45.99,2023-05-27T03:25:59.495Z,Seller,MasterCard,LIGHTNING_DEAL
TXN-M2742,USER-1062,B07ZPKN6YR,2,82.09,164.18,2023-05-27T07:17:18.173Z,Seller,Debit,LIGHTNING_DEAL
TXN-M2743,USER-1127,B08HGH6J8X,1,289.99,289.99,2023-05-27T10:59:56.233Z,FBM,MasterCard,None
TXN-M2744,USER-1070,B08HGH6J8X,1,289.99,289.99,2023-05-27T11:11:40.231Z,FBA,AmEx,LIGHTNING_DEAL
TXN-M2745,USER-1476,B09CDTHXNL,1,119.99,119.99,2023-05-27T11:22:33.160Z,Seller,VISA,PRIME_DISCOUNT
TXN-M2746,USER-1492,B09NBLQH43,1,20.18,20.18,2023-05-27T18:02:34.303Z,FBA,PayPal,None
TXN-M2747,USER-1402,B08HGH6J8X,1,289.99,289.99,2023-05-28T03:09:47.207Z,FBA,AmEx,None
TXN-M2748,USER-1067,B09C5RK5TV,1,74.99,74.99,2023-05-28T11:41:19.548Z,FBA,AmEx,COUPON_10
TXN-M2749,USER-1181,B09NBLQH43,2,21.25,42.51,2023-05-28T16:58:14.438Z,FBA,PayPal,HOLIDAY_SALE
TXN-M2750,USER-1147,B08XYDLC1P,1,99.99,99.99,2023-05-28T18:22:30.699Z,FBA,VISA,PRIME_DISCOUNT
TXN-M2751,USER-1077,B07ZPKN6YR,1,70.47,70.47,2023-05-28T20:52:03.765Z,Seller,Discover,COUPON_10
TXN-M2752,USER-1410,B09CDTHXNL,4,119.99,479.96,2023-05-28T22:34:17.064Z,FBA,Debit,COUPON_10
TXN-M2753,USER-1125,B07ZPML163,1,69.99,69.99,2023-05-29T00:55:55.490Z,Seller,PayPal,HOLIDAY_SALE
TXN-M2754,USER-1304,B07XJ8C8F5,1,54.99,54.99,2023-05-29T07:35:26.783Z,FBM,VISA,None
TXN-M2755,USER-1066,B09CDTHXNL,1,108.16,108.16,2023-05-29T10:31:04.002Z,Seller,Discover,PRIME_DISCOUNT
TXN-M2756,USER-1386,B09C5RK5TV,1,61.79,61.79,2023-05-29T12:40:32.713Z,Seller,VISA,COUPON_10
TXN-M2757,USER-1059,B07ZPKN6YR,1,84.99,84.99,2023-05-29T20:21:10.915Z,Seller,MasterCard,PRIME_DISCOUNT
TXN-M2758,USER-1271,B08J5F3J18,1,9.99,9.99,2023-05-30T00:03:52.989Z,Seller,Discover,None
TXN-M2759,USER-1075,B08J5F3J18,1,9.99,9.99,2023-05-30T01:28:26.903Z,FBM,PayPal,None
TXN-M2760,USER-1184,B09KLDX7M3,1,122.59,122.59,2023-05-30T09:20:58.442Z,FBM,Discover,PRIME_DISCOUNT
TXN-M2761,USER-1413,B09PQXDM7V,1,16.99,16.99,2023-05-30T10:02:59.677Z,FBM,Discover,PRIME_DISCOUNT
TXN-M2762,USER-1042,B08KY654WZ,1,87.96,87.96,2023-05-30T11:34:51.994Z,FBM,AmEx,None
TXN-M2763,USER-1388,B09PQXDM7V,3,16.99,50.97,2023-05-30T12:38:14.440Z,FBA,Discover,None
TXN-M2764,USER-1293,B08J5F3J18,1,9.99,9.99,2023-05-30T13:25:58.886Z,Seller,Debit,HOLIDAY_SALE
TXN-M2765,USER-1014,B08P4KCJVN,4,239.99,959.96,2023-05-30T19:17:59.750Z,FBM,VISA,HOLIDAY_SALE
TXN-M2766,USER-1353,B08XYDLC1P,1,99.99,99.99,2023-05-31T00:02:17.359Z,Seller,MasterCard,None
TXN-M2767,USER-1081,B08HGH6J8X,2,289.99,579.98,2023-05-31T04:56:59.515Z,FBA,MasterCard,COUPON_10
TXN-M2768,USER-1244,B07XQZX9M2,1,14.99,14.99,2023-05-31T13:14:16.110Z,Seller,AmEx,None
TXN-M2769,USER-1147,B07YNK87DD,1,39.99,39.99,2023-05-31T16:16:52.106Z,Seller,VISA,PRIME_DISCOUNT
TXN-M2770,USER-1019,B08J5F3J18,1,8.53,8.53,2023-06-01T00:17:32.060Z,FBA,VISA,HOLIDAY_SALE
TXN-M2771,USER-1388,B07ZPKN6YR,1,80.09,80.09,2023-06-01T09:25:04.611Z,FBA,AmEx,None
TXN-M2772,USER-1332,B07T8JNXRP,1,24.99,24.99,2023-06-01T17:36:55.496Z,Seller,PayPal,None
TXN-M2773,USER-1332,B08TW5NKRQ,2,94.99,189.98,2023-06-01T19:36:11.607Z,FBA,VISA,None
TXN-M2774,USER-1054,B08GGGM5D9,1,329.99,329.99,2023-06-01T21:35:38.719Z,FBM,VISA,None
TXN-M2775,USER-1279,B08HGH6J8X,1,289.99,289.99,2023-06-01T21:44:43.219Z,FBM,MasterCard,None
TXN-M2776,USER-1086,B07XJ8C8F5,1,54.99,54.99,2023-06-02T04:14:11.043Z,FBM,VISA,None
TXN-M2777,USER-1361,B07XJ8C8F5,1,54.99,54.99,2023-06-02T05:41:28.245Z,Seller,Discover,COUPON_10
TXN-M2778,USER-1201,B09C5RK5TV,1,74.99,74.99,2023-06-02T09:08:15.803Z,FBA,MasterCard,LIGHTNING_DEAL
TXN-M2779,USER-1485,B09PQXDM7V,1,13.95,13.95,2023-06-02T18:12:35.944Z,Seller,VISA,LIGHTNING_DEAL
TXN-M2780,USER-1162,B09PQXDM7V,1,16.99,16.99,2023-06-02T21:33:53.566Z,Seller,AmEx,None
TXN-M2781,USER-1244,B07ZPML163,1,69.99,69.99,2023-06-03T04:51:02.732Z,FBM,Discover,PRIME_DISCOUNT
TXN-M2782,USER-1368,B08HGH6J8X,1,289.99,289.99,2023-06-03T06:46:53.070Z,FBM,MasterCard,None
TXN-M2783,USER-1101,B08XYDLC1P,4,99.99,399.96,2023-06-03T11:30:55.124Z,FBA,Discover,COUPON_10
TXN-M2784,USER-1354,B07ZPML163,1,69.99,69.99,2023-06-03T16:25:39.798Z,Seller,Discover,LIGHTNING_DEAL
TXN-M2785,USER-1391,B07XJ8C8F5,1,54.99,54.99,2023-06-03T19:55:46.377Z,FBM,AmEx,COUPON_10
TXN-M2786,USER-1283,B07XQZX9M2,1,14.99,14.99,2023-06-04T00:40:28.374Z,FBA,Discover,None
TXN-M2787,USER-1389,B07XQZX9M2,1,14.99,14.99,2023-06-04T00:57:48.278Z,FBM,PayPal,None
TXN-M2788,USER-1040,B08J5F3J18,2,9.99,19.98,2023-06-04T07:24:08.673Z,Seller,MasterCard,None
TXN-M2789,USER-1434,B08TW5NKRQ,1,94.99,94.99,2023-06-04T08:29:42.429Z,Seller,PayPal,HOLIDAY_SALE
TXN-M2790,USER-1428,B08N5WRWNW,1,139.99,139.99,2023-06-04T08:39:02.427Z,FBM,PayPal,LIGHTNING_DEAL
TXN-M2791,USER-1222,B08HGH6J8X,1,289.99,289.99,2023-06-04T10:21:01.332Z,FBA,VISA,PRIME_DISCOUNT
TXN-M2792,USER-1431,B09C5RK5TV,1,74.99,74.99,2023-06-04T13:12:20.464Z,FBA,MasterCard,LIGHTNING_DEAL
TXN-M2793,USER-1445,B09KLDX7M3,1,129.99,129.99,2023-06-04T18:45:35.271Z,Seller,Discover,PRIME_DISCOUNT
TXN-M2794,USER-1126,B09C5RK5TV,4,74.99,299.96,2023-06-04T23:55:34.535Z,FBM,MasterCard,PRIME_DISCOUNT
TXN-M2795,USER-1303,B08N5WRWNW,1,112.25,112.25,2023-06-05T04:40:51.741Z,Seller,VISA,None
TXN-M2796,USER-1278,B08N5WRWNW,4,139.99,559.96,2023-06-05T11:22:18.010Z,Seller,Discover,None
TXN-M2797,USER-1413,B07YNK87DD,4,39.99,159.96,2023-06-05T20:42:34.327Z,FBM,Discover,None
TXN-M2798,USER-1267,B08TW5NKRQ,1,94.99,94.99,2023-06-06T01:12:55.162Z,FBA,PayPal,None
TXN-M2799,USER-1099,B09NBLQH43,4,21.8,87.22,2023-06-06T03:30:16.756Z,Seller,Discover,None
TXN-M2800,USER-1292,B08J5F3J18,1,8.18,8.18,2023-06-06T08:41:28.741Z,FBM,PayPal,None
TXN-M2801,USER-1192,B08P4KCJVN,1,210.26,210.26,2023-06-06T11:24:20.193Z,Seller,PayPal,PRIME_DISCOUNT
TXN-M2802,USER-1100,B09PQXDM7V,3,16.99,50.97,2023-06-06T19:58:30.839Z,FBA,VISA,COUPON_10
TXN-M2803,USER-1347,B08HGH6J8X,1,289.99,289.99,2023-06-06T23:33:27.658Z,FBA,MasterCard,None
TXN-M2804,USER-1323,B07XJ8C8F5,2,54.99,109.98,2023-06-06T23:56:23.779Z,FBM,Discover,None
TXN-M2805,USER-1256,B08P4KCJVN,1,239.99,239.99,2023-06-07T03:01:03.757Z,Seller,VISA,None
TXN-M2806,USER-1219,B08P4KCJVN,1,239.99,239.99,2023-06-07T04:50:54.254Z,FBA,Debit,COUPON_10
TXN-M2807,USER-1109,B09NBLQH43,3,24.99,74.97,2023-06-07T08:21:57.590Z,Seller,PayPal,None
TXN-M2808,USER-1029,B08J5F3J18,2,9.99,19.98,2023-06-07T12:48:46.910Z,FBA,Discover,HOLIDAY_SALE
TXN-M2809,USER-1089,B09KLDX7M3,1,129.99,129.99,2023-06-07T20:43:59.251Z,FBA,PayPal,LIGHTNING_DEAL
TXN-M2810,USER-1459,B08KY654WZ,1,98,98,2023-06-08T01:42:49.735Z,FBM,MasterCard,None
TXN-M2811,USER-1203,B07YNK87DD,3,33.58,100.74,2023-06-08T03:24:05.032Z,FBA,PayPal,HOLIDAY_SALE
TXN-M2812,USER-1041,B08TW5NKRQ,1,77.85,77.85,2023-06-08T08:59:38.681Z,FBA,Debit,LIGHTNING_DEAL
TXN-M2813,USER-1170,B07T8JNXRP,1,24.99,24.99,2023-06-08T11:50:09.762Z,Seller,PayPal,LIGHTNING_DEAL
TXN-M2814,USER-1184,B08TW5NKRQ,1,94.99,94.99,2023-06-08T16:42:55.404Z,FBM,AmEx,None
TXN-M2815,USER-1271,B08J5F3J18,1,9.99,9.99,2023-06-08T19:05:39.838Z,FBA,Discover,None
TXN-M2816,USER-1402,B07ZPML163,1,69.99,69.99,2023-06-09T04:06:03.505Z,Seller,PayPal,None
TXN-M2817,USER-1300,B08TW5NKRQ,1,94.99,94.99,2023-06-09T07:50:32.252Z,FBA,PayPal,None
TXN-M2818,USER-1293,B08GGGM5D9,1,329.99,329.99,2023-06-09T13:22:04.143Z,FBA,Debit,None
TXN-M2819,USER-1430,B07ZPML163,4,69.99,279.96,2023-06-09T18:28:33.322Z,FBA,Debit,None
TXN-M2820,USER-1001,B08XYDLC1P,1,99.99,99.99,2023-06-10T03:29:34.839Z,FBA,Debit,PRIME_DISCOUNT
TXN-M2821,USER-1308,B08P4KCJVN,1,239.99,239.99,2023-06-10T05:34:22.637Z,Seller,Debit,HOLIDAY_SALE
TXN-M2822,USER-1220,B08GGGM5D9,1,329.99,329.99,2023-06-10T06:23:45.610Z,FBM,AmEx,None
TXN-M2823,USER-1262,B08J5F3J18,1,9.99,9.99,2023-06-10T10:10:50.478Z,Seller,PayPal,COUPON_10
TXN-M2824,USER-1326,B08XYDLC1P,1,99.99,99.99,2023-06-10T13:53:01.044Z,Seller,VISA,PRIME_DISCOUNT
TXN-M2825,USER-1077,B08XYDLC1P,2,99.99,199.98,2023-06-10T18:18:49.341Z,Seller,Discover,COUPON_10
TXN-M2826,USER-1136,B08GGGM5D9,1,308.96,308.96,2023-06-11T03:16:25.578Z,FBM,AmEx,LIGHTNING_DEAL
TXN-M2827,USER-1067,B07ZPML163,1,69.99,69.99,2023-06-11T06:55:05.772Z,Seller,PayPal,PRIME_DISCOUNT
TXN-M2828,USER-1127,B07VGRJDFY,1,38.41,38.41,2023-06-11T14:06:35.578Z,FBA,Debit,PRIME_DISCOUNT
TXN-M2829,USER-1124,B08N5WRWNW,1,138.35,138.35,2023-06-11T17:24:16.544Z,FBA,AmEx,HOLIDAY_SALE
TXN-M2830,USER-1410,B09C5RK5TV,3,66.59,199.76,2023-06-11T23:03:36.209Z,Seller,AmEx,HOLIDAY_SALE
TXN-M2831,USER-1266,B08TW5NKRQ,4,94.99,379.96,2023-06-12T01:58:31.410Z,FBM,Debit,None
TXN-M2832,USER-1312,B07T8JNXRP,1,24.99,24.99,2023-06-12T04:02:49.853Z,FBM,AmEx,None
TXN-M2833,USER-1061,B07XJ8C8F5,4,52.64,210.57,2023-06-12T07:26:51.890Z,FBA,PayPal,COUPON_10
TXN-M2834,USER-1417,B07XJ8C8F5,1,54.99,54.99,2023-06-12T14:10:57.441Z,FBA,MasterCard,None
TXN-M2835,USER-1116,B07ZPML163,1,69.99,69.99,2023-06-12T14:13:18.079Z,FBA,PayPal,COUPON_10
TXN-M2836,USER-1295,B08P4KCJVN,1,239.99,239.99,2023-06-12T17:48:16.818Z,FBM,Discover,None
TXN-M2837,USER-1252,B07XJ8C8F5,1,54.99,54.99,2023-06-12T23:07:18.035Z,Seller,VISA,None
TXN-M2838,USER-1192,B08TW5NKRQ,4,94.99,379.96,2023-06-13T03:31:09.851Z,FBA,Debit,LIGHTNING_DEAL
TXN-M2839,USER-1192,B07ZPKN6YR,4,84.99,339.96,2023-06-13T07:27:47.077Z,Seller,Debit,None
TXN-M2840,USER-1261,B09C5RK5TV,1,74.99,74.99,2023-06-13T10:09:46.761Z,FBA,MasterCard,PRIME_DISCOUNT
TXN-M2841,USER-1488,B08XYDLC1P,3,99.99,299.97,2023-06-13T12:47:29.501Z,FBA,MasterCard,COUPON_10
TXN-M2842,USER-1119,B07XJ8C8F5,3,54.99,164.97,2023-06-13T21:53:58.190Z,FBM,Debit,COUPON_10
TXN-M2843,USER-1448,B08GGGM5D9,1,329.99,329.99,2023-06-14T06:23:22.747Z,Seller,PayPal,None
TXN-M2844,USER-1327,B09PQXDM7V,2,16.99,33.98,2023-06-14T12:15:33.144Z,FBM,Discover,COUPON_10
TXN-M2845,USER-1367,B09KLDX7M3,1,129.99,129.99,2023-06-14T15:41:51.803Z,FBA,Debit,PRIME_DISCOUNT
TXN-M2846,USER-1143,B07YNK87DD,2,39.99,79.98,2023-06-14T22:31:57.588Z,FBM,PayPal,None
TXN-M2847,USER-1228,B08XYDLC1P,1,99.99,99.99,2023-06-15T06:31:17.148Z,FBM,MasterCard,COUPON_10
TXN-M2848,USER-1140,B08J5F3J18,1,9.99,9.99,2023-06-15T15:31:09.156Z,FBA,Debit,HOLIDAY_SALE
TXN-M2849,USER-1355,B08N5WRWNW,4,139.99,559.96,2023-06-15T20:46:46.884Z,FBA,Discover,None
TXN-M2850,USER-1204,B07XJ8C8F5,1,54.99,54.99,2023-06-15T23:36:25.432Z,FBA,PayPal,None
TXN-M2851,USER-1331,B07ZPKN6YR,2,84.99,169.98,2023-06-16T08:11:18.018Z,Seller,AmEx,HOLIDAY_SALE
TXN-M2852,USER-1276,B09C5RK5TV,1,74.99,74.99,2023-06-16T09:08:54.830Z,FBA,VISA,None
TXN-M2853,USER-1278,B07ZPKN6YR,1,84.99,84.99,2023-06-16T13:49:56.415Z,FBM,VISA,None
TXN-M2854,USER-1037,B07VGRJDFY,1,45.99,45.99,2023-06-16T15:09:08.076Z,Seller,PayPal,PRIME_DISCOUNT
TXN-M2855,USER-1264,B08J5F3J18,1,9.99,9.99,2023-06-17T00:31:59.717Z,Seller,Discover,None
TXN-M2856,USER-1161,B07T8JNXRP,1,24.99,24.99,2023-06-17T03:11:59.617Z,Seller,VISA,COUPON_10
TXN-M2857,USER-1442,B08N5WRWNW,1,139.99,139.99,2023-06-17T09:26:25.985Z,FBA,Debit,None
TXN-M2858,USER-1183,B07ZPKN6YR,1,84.15,84.15,2023-06-17T12:17:00.733Z,FBA,MasterCard,COUPON_10
TXN-M2859,USER-1132,B08J5F3J18,1,9.99,9.99,2023-06-17T14:58:32.753Z,FBA,PayPal,LIGHTNING_DEAL
TXN-M2860,USER-1395,B07ZPML163,2,69.99,139.98,2023-06-17T19:55:32.174Z,FBM,AmEx,None
TXN-M2861,USER-1131,B08J5F3J18,1,9.99,9.99,2023-06-17T20:18:00.697Z,FBA,VISA,None
TXN-M2862,USER-1374,B09C5RK5TV,1,74.99,74.99,2023-06-18T05:47:24.234Z,Seller,Debit,PRIME_DISCOUNT
TXN-M2863,USER-1171,B07XJ8C8F5,1,54.99,54.99,2023-06-18T14:47:39.956Z,FBA,Discover,LIGHTNING_DEAL
TXN-M2864,USER-1444,B09NBLQH43,1,24.99,24.99,2023-06-18T20:01:43.741Z,FBM,PayPal,HOLIDAY_SALE
TXN-M2865,USER-1359,B08XYDLC1P,1,99.99,99.99,2023-06-19T03:44:24.322Z,FBA,VISA,HOLIDAY_SALE
TXN-M2866,USER-1175,B09C5RK5TV,1,74.99,74.99,2023-06-19T04:13:14.111Z,Seller,Discover,None
TXN-M2867,USER-1249,B09PQXDM7V,1,16.99,16.99,2023-06-19T09:39:15.646Z,FBA,MasterCard,LIGHTNING_DEAL
TXN-M2868,USER-1026,B08P4KCJVN,2,239.99,479.98,2023-06-19T16:36:51.054Z,Seller,Debit,None
TXN-M2869,USER-1076,B08GGGM5D9,1,329.99,329.99,2023-06-20T00:32:29.320Z,Seller,AmEx,None
TXN-M2870,USER-1089,B08XYDLC1P,1,99.99,99.99,2023-06-20T02:40:07.215Z,FBM,AmEx,None
TXN-M2871,USER-1034,B08P4KCJVN,3,239.99,719.97,2023-06-20T04:23:47.041Z,Seller,MasterCard,None
TXN-M2872,USER-1197,B09KLDX7M3,3,125.8,377.41,2023-06-20T04:57:19.586Z,Seller,MasterCard,HOLIDAY_SALE
TXN-M2873,USER-1163,B08HGH6J8X,1,289.99,289.99,2023-06-20T08:42:10.015Z,FBA,VISA,None
TXN-M2874,USER-1324,B07XQZX9M2,4,14.99,59.96,2023-06-20T08:48:59.371Z,FBM,Discover,LIGHTNING_DEAL
TXN-M2875,USER-1266,B09NBLQH43,4,24.99,99.96,2023-06-20T14:18:32.733Z,FBM,Debit,HOLIDAY_SALE
TXN-M2876,USER-1168,B07YNK87DD,1,39.99,39.99,2023-06-20T21:03:25.929Z,FBA,VISA,None
TXN-M2877,USER-1418,B07ZPKN6YR,1,84.99,84.99,2023-06-21T02:44:49.496Z,FBM,VISA,HOLIDAY_SALE
TXN-M2878,USER-1296,B07XQZX9M2,3,14.99,44.97,2023-06-21T03:29:53.290Z,FBA,VISA,None
TXN-M2879,USER-1446,B07XQZX9M2,1,14.99,14.99,2023-06-21T04:09:43.031Z,FBM,AmEx,PRIME_DISCOUNT
TXN-M2880,USER-1413,B09C5RK5TV,4,71.85,287.39,2023-06-21T05:01:25.010Z,Seller,Discover,PRIME_DISCOUNT
TXN-M2881,USER-1296,B08GGGM5D9,4,310.69,1242.77,2023-06-21T07:46:56.598Z,FBA,PayPal,None
TXN-M2882,USER-1222,B07ZPML163,1,69.99,69.99,2023-06-21T12:33:42.599Z,FBA,VISA,HOLIDAY_SALE
TXN-M2883,USER-1092,B07VGRJDFY,3,45.99,137.97,2023-06-21T20:20:23.251Z,FBA,AmEx,COUPON_10
TXN-M2884,USER-1256,B08P4KCJVN,1,239.99,239.99,2023-06-22T02:21:14.133Z,Seller,PayPal,None
TXN-M2885,USER-1473,B08N5WRWNW,1,139.99,139.99,2023-06-22T04:53:46.614Z,FBA,MasterCard,None
TXN-M2886,USER-1326,B07XJ8C8F5,1,54.99,54.99,2023-06-22T06:33:49.971Z,FBM,Debit,LIGHTNING_DEAL
TXN-M2887,USER-1142,B07VGRJDFY,1,38.7,38.7,2023-06-22T09:14:25.397Z,Seller,VISA,None
TXN-M2888,USER-1314,B09NBLQH43,1,23.85,23.85,2023-06-22T16:16:32.493Z,FBA,AmEx,None
TXN-M2889,USER-1158,B08KY654WZ,1,98,98,2023-06-22T23:18:08.480Z,FBA,VISA,None
TXN-M2890,USER-1499,B09CDTHXNL,1,119.99,119.99,2023-06-23T03:21:07.650Z,FBA,Debit,None
TXN-M2891,USER-1365,B08TW5NKRQ,1,94.99,94.99,2023-06-23T10:27:27.188Z,FBA,PayPal,COUPON_10
TXN-M2892,USER-1069,B08GGGM5D9,1,329.99,329.99,2023-06-23T11:39:20.522Z,Seller,MasterCard,None
TXN-M2893,USER-1361,B09KLDX7M3,1,129.99,129.99,2023-06-23T15:10:03.233Z,FBM,Discover,LIGHTNING_DEAL
TXN-M2894,USER-1313,B08N5WRWNW,1,139.99,139.99,2023-06-23T15:15:47.274Z,Seller,VISA,COUPON_10
TXN-M2895,USER-1201,B08GGGM5D9,1,329.99,329.99,2023-06-23T20:46:56.168Z,FBM,AmEx,COUPON_10
TXN-M2896,USER-1153,B07XQZX9M2,1,14.99,14.99,2023-06-23T23:35:19.088Z,FBA,AmEx,COUPON_10
TXN-M2897,USER-1282,B07XQZX9M2,2,12.05,24.09,2023-06-24T00:05:41.286Z,FBM,MasterCard,PRIME_DISCOUNT
TXN-M2898,USER-1486,B08XYDLC1P,1,99.99,99.99,2023-06-24T07:08:30.967Z,FBM,VISA,PRIME_DISCOUNT
TXN-M2899,USER-1464,B08KY654WZ,3,98,294,2023-06-24T07:51:54.909Z,FBA,PayPal,None
TXN-M2900,USER-1379,B07T8JNXRP,1,24.99,24.99,2023-06-24T08:39:08.898Z,Seller,Discover,COUPON_10
TXN-M2901,USER-1298,B07VGRJDFY,1,45.99,45.99,2023-06-24T11:40:11.341Z,Seller,Discover,LIGHTNING_DEAL
TXN-M2902,USER-1142,B07YNK87DD,1,33.18,33.18,2023-06-24T19:41:20.348Z,FBA,PayPal,None
TXN-M2903,USER-1277,B07T8JNXRP,1,24.99,24.99,2023-06-24T21:43:41.725Z,Seller,AmEx,None
TXN-M2904,USER-1482,B07T8JNXRP,1,24.99,24.99,2023-06-25T01:32:41.483Z,FBM,MasterCard,COUPON_10
TXN-M2905,USER-1020,B07XJ8C8F5,4,54.99,219.96,2023-06-25T04:44:15.137Z,FBM,MasterCard,LIGHTNING_DEAL
TXN-M2906,USER-1494,B07T8JNXRP,1,24.99,24.99,2023-06-25T10:54:34.590Z,FBA,PayPal,HOLIDAY_SALE
TXN-M2907,USER-1172,B07ZPML163,1,69.99,69.99,2023-06-25T17:24:42.227Z,FBA,Debit,COUPON_10
TXN-M2908,USER-1368,B07XJ8C8F5,4,54.99,219.96,2023-06-25T20:12:54.082Z,Seller,MasterCard,None
TXN-M2909,USER-1169,B07ZPML163,1,69.99,69.99,2023-06-25T22:36:50.383Z,FBM,Debit,LIGHTNING_DEAL
TXN-M2910,USER-1305,B09C5RK5TV,1,74.99,74.99,2023-06-26T04:18:56.049Z,Seller,VISA,PRIME_DISCOUNT
TXN-M2911,USER-1252,B08P4KCJVN,3,239.99,719.97,2023-06-26T08:49:13.764Z,Seller,MasterCard,None
TXN-M2912,USER-1348,B08XYDLC1P,1,99.99,99.99,2023-06-26T13:39:51.799Z,FBA,Discover,None
TXN-M2913,USER-1399,B08TW5NKRQ,1,94.99,94.99,2023-06-26T19:53:37.292Z,FBM,VISA,None
TXN-M2914,USER-1292,B08TW5NKRQ,1,94.99,94.99,2023-06-27T00:46:46.068Z,FBM,PayPal,HOLIDAY_SALE
TXN-M2915,USER-1248,B09PQXDM7V,1,16.99,16.99,2023-06-27T01:35:55.680Z,Seller,Debit,PRIME_DISCOUNT
TXN-M2916,USER-1375,B09PQXDM7V,2,16.99,33.98,2023-06-27T05:08:29.223Z,FBM,PayPal,COUPON_10
TXN-M2917,USER-1169,B08HGH6J8X,1,289.99,289.99,2023-06-27T12:03:22.704Z,FBA,VISA,None
TXN-M2918,USER-1483,B08HGH6J8X,1,289.99,289.99,2023-06-27T15:36:04.422Z,FBM,Discover,HOLIDAY_SALE
TXN-M2919,USER-1249,B08GGGM5D9,1,329.99,329.99,2023-06-27T20:31:12.311Z,FBM,Discover,None
TXN-M2920,USER-1442,B08GGGM5D9,1,329.99,329.99,2023-06-28T00:27:45.897Z,FBA,Discover,None
TXN-M2921,USER-1154,B07T8JNXRP,4,24.99,99.96,2023-06-28T06:37:29.204Z,FBA,VISA,PRIME_DISCOUNT
TXN-M2922,USER-1294,B08KY654WZ,3,98,294,2023-06-28T13:59:38.139Z,FBM,Debit,LIGHTNING_DEAL
TXN-M2923,USER-1355,B08XYDLC1P,1,99.99,99.99,2023-06-28T18:01:25.309Z,FBA,Discover,None
TXN-M2924,USER-1129,B07ZPKN6YR,1,84.99,84.99,2023-06-29T00:16:27.733Z,Seller,VISA,COUPON_10
TXN-M2925,USER-1131,B08TW5NKRQ,3,94.99,284.97,2023-06-29T07:42:46.630Z,Seller,Discover,None
TXN-M2926,USER-1458,B07ZPKN6YR,1,84.99,84.99,2023-06-29T09:46:28.270Z,FBA,AmEx,LIGHTNING_DEAL
TXN-M2927,USER-1464,B08TW5NKRQ,1,94.99,94.99,2023-06-29T16:58:28.780Z,FBM,VISA,COUPON_10
TXN-M2928,USER-1294,B07ZPML163,1,69.99,69.99,2023-06-29T23:46:55.865Z,Seller,Debit,LIGHTNING_DEAL
TXN-M2929,USER-1114,B08XYDLC1P,1,99.99,99.99,2023-06-30T04:01:07.136Z,FBA,Debit,PRIME_DISCOUNT
TXN-M2930,USER-1097,B09NBLQH43,1,24.99,24.99,2023-06-30T13:27:44.335Z,FBM,AmEx,COUPON_10
TXN-M2931,USER-1317,B09NBLQH43,1,24.99,24.99,2023-06-30T14:15:47.323Z,FBA,VISA,LIGHTNING_DEAL
TXN-M2932,USER-1147,B07YNK87DD,1,39.99,39.99,2023-06-30T19:02:52.761Z,FBM,PayPal,None
TXN-M2933,USER-1249,B08GGGM5D9,1,329.99,329.99,2023-06-30T23:03:57.599Z,FBM,MasterCard,HOLIDAY_SALE
TXN-M2934,USER-1363,B08J5F3J18,1,9.99,9.99,2023-07-01T05:54:50.859Z,FBM,AmEx,None
TXN-M2935,USER-1086,B07XQZX9M2,1,14.99,14.99,2023-07-01T08:40:39.917Z,FBM,MasterCard,HOLIDAY_SALE
TXN-M2936,USER-1307,B07ZPML163,1,69.4,69.4,2023-07-01T09:44:21.321Z,Seller,PayPal,COUPON_10
TXN-M2937,USER-1427,B08J5F3J18,1,9.99,9.99,2023-07-01T13:59:44.382Z,FBM,MasterCard,HOLIDAY_SALE
TXN-M2938,USER-1364,B07ZPKN6YR,1,84.99,84.99,2023-07-01T14:48:53.809Z,Seller,AmEx,None
TXN-M2939,USER-1301,B07YNK87DD,4,34.54,138.16,2023-07-01T22:39:23.269Z,FBA,MasterCard,PRIME_DISCOUNT
TXN-M2940,USER-1199,B08GGGM5D9,4,264.45,1057.79,2023-07-02T00:05:34.403Z,FBM,Discover,None
TXN-M2941,USER-1253,B08TW5NKRQ,3,94.99,284.97,2023-07-02T02:31:06.515Z,FBM,PayPal,HOLIDAY_SALE
TXN-M2942,USER-1301,B08KY654WZ,2,98,196,2023-07-02T05:31:49.398Z,Seller,VISA,LIGHTNING_DEAL
TXN-M2943,USER-1469,B09C5RK5TV,4,74.99,299.96,2023-07-02T06:48:52.066Z,Seller,PayPal,HOLIDAY_SALE
TXN-M2944,USER-1161,B07XJ8C8F5,1,54.99,54.99,2023-07-02T11:20:32.446Z,FBM,MasterCard,LIGHTNING_DEAL
TXN-M2945,USER-1349,B08GGGM5D9,1,329.99,329.99,2023-07-02T18:09:10.381Z,FBM,PayPal,PRIME_DISCOUNT
TXN-M2946,USER-1207,B08HGH6J8X,1,289.99,289.99,2023-07-02T20:53:12.601Z,Seller,PayPal,None
TXN-M2947,USER-1020,B07T8JNXRP,1,24.99,24.99,2023-07-03T00:57:48.264Z,FBA,PayPal,None
TXN-M2948,USER-1399,B07XQZX9M2,2,14.67,29.34,2023-07-03T03:37:51.426Z,FBA,Discover,COUPON_10
TXN-M2949,USER-1011,B08XYDLC1P,1,99.99,99.99,2023-07-03T06:57:08.135Z,FBA,VISA,None
TXN-M2950,USER-1017,B07XQZX9M2,3,14.99,44.97,2023-07-03T14:34:48.944Z,Seller,MasterCard,None
TXN-M2951,USER-1154,B08XYDLC1P,1,99.99,99.99,2023-07-03T20:32:39.709Z,Seller,MasterCard,COUPON_10
TXN-M2952,USER-1008,B08TW5NKRQ,3,94.99,284.97,2023-07-04T05:32:47.986Z,FBA,VISA,PRIME_DISCOUNT
TXN-M2953,USER-1153,B08P4KCJVN,1,207.11,207.11,2023-07-04T09:16:08.204Z,Seller,AmEx,COUPON_10
TXN-M2954,USER-1369,B07ZPML163,1,69.99,69.99,2023-07-04T09:46:46.519Z,FBM,VISA,None
TXN-M2955,USER-1092,B07YNK87DD,1,39.99,39.99,2023-07-04T16:04:14.249Z,Seller,Discover,PRIME_DISCOUNT
TXN-M2956,USER-1096,B08HGH6J8X,1,289.99,289.99,2023-07-04T17:09:31.418Z,Seller,Debit,None
TXN-M2957,USER-1202,B08XYDLC1P,1,99.99,99.99,2023-07-04T17:55:37.453Z,FBM,VISA,None
TXN-M2958,USER-1310,B08N5WRWNW,3,139.99,419.97,2023-07-05T00:45:59.479Z,Seller,Debit,None
TXN-M2959,USER-1476,B09PQXDM7V,1,16.99,16.99,2023-07-05T04:58:40.445Z,FBA,Discover,None
TXN-M2960,USER-1335,B08XYDLC1P,1,99.99,99.99,2023-07-05T08:58:03.554Z,FBM,VISA,HOLIDAY_SALE
TXN-M2961,USER-1213,B07YNK87DD,3,39.99,119.97,2023-07-05T12:31:25.008Z,FBA,Discover,PRIME_DISCOUNT
TXN-M2962,USER-1351,B09C5RK5TV,1,74.99,74.99,2023-07-05T13:09:15.492Z,Seller,Discover,LIGHTNING_DEAL
TXN-M2963,USER-1240,B07XQZX9M2,1,14.99,14.99,2023-07-05T15:59:44.782Z,FBA,VISA,None
TXN-M2964,USER-1490,B09NBLQH43,4,24.99,99.96,2023-07-05T23:36:13.412Z,FBA,Discover,None
TXN-M2965,USER-1431,B07VGRJDFY,1,45.99,45.99,2023-07-06T07:46:59.048Z,FBM,Debit,None
TXN-M2966,USER-1143,B07XQZX9M2,4,14.99,59.96,2023-07-06T12:46:00.072Z,FBM,PayPal,None
TXN-M2967,USER-1106,B07T8JNXRP,1,24.99,24.99,2023-07-06T21:25:31.079Z,FBA,MasterCard,None
TXN-M2968,USER-1321,B07ZPML163,1,69.99,69.99,2023-07-07T00:20:15.711Z,Seller,AmEx,None
TXN-M2969,USER-1497,B07YNK87DD,1,39.99,39.99,2023-07-07T06:41:16.741Z,FBM,PayPal,COUPON_10
TXN-M2970,USER-1370,B08TW5NKRQ,1,94.99,94.99,2023-07-07T10:33:16.658Z,FBM,Debit,COUPON_10
TXN-M2971,USER-1295,B07T8JNXRP,1,24.99,24.99,2023-07-07T12:29:56.996Z,FBM,MasterCard,LIGHTNING_DEAL
TXN-M2972,USER-1375,B08KY654WZ,1,98,98,2023-07-07T20:27:07.207Z,FBA,MasterCard,PRIME_DISCOUNT
TXN-M2973,USER-1040,B07VGRJDFY,1,42.67,42.67,2023-07-08T05:02:09.848Z,FBA,VISA,None
TXN-M2974,USER-1137,B07XJ8C8F5,1,54.99,54.99,2023-07-08T07:06:09.291Z,FBA,Debit,COUPON_10
TXN-M2975,USER-1261,B07VGRJDFY,4,45.99,183.96,2023-07-08T14:57:28.464Z,FBM,AmEx,None
TXN-M2976,USER-1378,B09CDTHXNL,1,119.99,119.99,2023-07-08T17:07:32.384Z,Seller,PayPal,None
TXN-M2977,USER-1129,B07T8JNXRP,1,24.99,24.99,2023-07-08T23:30:34.144Z,Seller,PayPal,None
TXN-M2978,USER-1492,B08J5F3J18,1,9.99,9.99,2023-07-09T04:38:45.669Z,FBM,VISA,None
TXN-M2979,USER-1465,B07VGRJDFY,3,45.99,137.97,2023-07-09T06:56:47.789Z,FBM,Debit,COUPON_10
TXN-M2980,USER-1178,B07XQZX9M2,1,14.99,14.99,2023-07-09T08:22:11.398Z,FBM,MasterCard,None
TXN-M2981,USER-1112,B08KY654WZ,1,98,98,2023-07-09T09:12:34.292Z,Seller,Debit,LIGHTNING_DEAL
TXN-M2982,USER-1190,B07XJ8C8F5,2,54.99,109.98,2023-07-09T16:30:29.179Z,Seller,VISA,PRIME_DISCOUNT
TXN-M2983,USER-1057,B07YNK87DD,1,38.09,38.09,2023-07-09T17:45:08.562Z,Seller,MasterCard,COUPON_10
TXN-M2984,USER-1140,B08XYDLC1P,1,99.99,99.99,2023-07-09T22:16:45.190Z,Seller,Discover,LIGHTNING_DEAL
TXN-M2985,USER-1086,B07ZPML163,1,69.99,69.99,2023-07-10T04:13:33.745Z,Seller,VISA,None
TXN-M2986,USER-1029,B09PQXDM7V,1,16.99,16.99,2023-07-10T13:24:13.088Z,FBA,AmEx,HOLIDAY_SALE
TXN-M2987,USER-1486,B08P4KCJVN,2,239.99,479.98,2023-07-10T15:17:12.846Z,FBM,VISA,None
TXN-M2988,USER-1012,B09CDTHXNL,3,119.99,359.97,2023-07-10T19:41:29.878Z,FBA,PayPal,None
TXN-M2989,USER-1020,B09KLDX7M3,1,129.99,129.99,2023-07-11T03:01:53.645Z,Seller,Discover,LIGHTNING_DEAL
TXN-M2990,USER-1135,B07VGRJDFY,1,45.99,45.99,2023-07-11T05:41:50.719Z,FBM,VISA,None
TXN-M2991,USER-1061,B07YNK87DD,3,38.41,115.23,2023-07-11T14:53:13.167Z,FBM,PayPal,PRIME_DISCOUNT
TXN-M2992,USER-1121,B07XJ8C8F5,1,54.99,54.99,2023-07-11T22:09:13.838Z,FBA,Discover,None
TXN-M2993,USER-1148,B08HGH6J8X,1,289.99,289.99,2023-07-12T04:56:35.299Z,FBM,MasterCard,LIGHTNING_DEAL
TXN-M2994,USER-1279,B09PQXDM7V,4,16.99,67.96,2023-07-12T07:26:23.848Z,FBA,MasterCard,None
TXN-M2995,USER-1240,B07ZPML163,2,69.99,139.98,2023-07-12T07:26:52.061Z,FBM,AmEx,LIGHTNING_DEAL
TXN-M2996,USER-1144,B07XJ8C8F5,4,54.99,219.96,2023-07-12T07:31:37.069Z,FBA,PayPal,HOLIDAY_SALE
TXN-M2997,USER-1141,B08KY654WZ,1,98,98,2023-07-12T15:35:34.388Z,FBM,AmEx,LIGHTNING_DEAL
TXN-M2998,USER-1026,B07T8JNXRP,1,24.99,24.99,2023-07-13T00:47:15.633Z,FBA,VISA,PRIME_DISCOUNT
TXN-M2999,USER-1402,B08N5WRWNW,1,139.99,139.99,2023-07-13T08:09:17.441Z,Seller,PayPal,HOLIDAY_SALE
TXN-M3000,USER-1480,B08GGGM5D9,1,272.76,272.76,2023-07-13T13:40:45.857Z,FBM,MasterCard,COUPON_10
